idx,transistor_id,type,voltage,current,p_loss,pmax,power_margin_w,power_margin_pct,tamb,rthja,tj,tjmax,temperature_margin_c,status,reason,priority,criticality_score,recommended_action,thermal_power_limit_w,allowed_power_w,limiting_factor,max_current_available,max_current_a,current_reduction_pct,max_voltage_available,max_voltage_v,voltage_reduction_pct
1,DEMO_BJT_01,BJT,11.679000,0.124796,1.457492,10.000000,8.542508,85.425075,16.530000,50.000000,89.404624,150.000000,60.595376,SAFE,NONE,4,0.596031,No immediate action,2.669400,2.669400,TEMPERATURE,1,0.228564,0.000000,1,21.390109,0.000000
2,DEMO_MOSFET_01,MOSFET,39.417000,0.082915,3.268261,10.000000,6.731739,67.317394,46.460000,40.000000,177.190422,150.000000,-27.190422,NOT_SAFE_TEMPERATURE,TEMPERATURE,2,1.181269,Correct thermal operating condition,2.588500,2.588500,TEMPERATURE,1,0.065670,20.798848,1,31.218718,20.798848
3,DEMO_MOSFET_02,MOSFET,15.454000,0.290237,4.485323,20.000000,15.514677,77.573387,19.630000,25.000000,131.763065,175.000000,43.236935,SAFE,NONE,4,0.752932,No immediate action,6.214800,6.214800,TEMPERATURE,1,0.402148,0.000000,1,21.412845,0.000000
4,DEMO_BJT_01,BJT,16.558000,0.072883,1.206797,10.000000,8.793203,87.932033,16.780000,50.000000,77.119836,150.000000,72.880164,SAFE,NONE,4,0.514132,No immediate action,2.664400,2.664400,TEMPERATURE,1,0.160913,0.000000,1,36.557222,0.000000
5,DEMO_MOSFET_01,MOSFET,37.790000,0.040670,1.536919,10.000000,8.463081,84.630807,47.260000,40.000000,108.736772,150.000000,41.263228,SAFE,NONE,4,0.724912,No immediate action,2.568500,2.568500,TEMPERATURE,1,0.067968,0.000000,1,63.154659,0.000000
6,DEMO_MOSFET_02,MOSFET,28.721000,0.057127,1.640745,20.000000,18.359255,91.796277,44.480000,25.000000,85.498614,175.000000,89.501386,SAFE,NONE,4,0.488564,No immediate action,5.220800,5.220800,TEMPERATURE,1,0.181776,0.000000,1,91.389361,0.000000
7,DEMO_BJT_01,BJT,19.448000,0.150654,2.929919,10.000000,7.070081,70.700810,52.950000,50.000000,199.445950,150.000000,-49.445950,NOT_SAFE_TEMPERATURE,TEMPERATURE,2,1.329640,Correct thermal operating condition,1.941000,1.941000,TEMPERATURE,1,0.099805,33.752435,1,12.883827,33.752435
8,DEMO_MOSFET_01,MOSFET,36.302000,0.020339,0.738346,10.000000,9.261654,92.616536,41.540000,40.000000,71.073855,150.000000,78.926145,SAFE,NONE,4,0.473826,No immediate action,2.711500,2.711500,TEMPERATURE,1,0.074693,0.000000,1,133.315306,0.000000
9,DEMO_MOSFET_02,MOSFET,22.940000,0.142954,3.279365,20.000000,16.720635,83.603176,35.280000,25.000000,117.264119,175.000000,57.735881,SAFE,NONE,4,0.670081,No immediate action,5.588800,5.588800,TEMPERATURE,1,0.243627,0.000000,1,39.095094,0.000000
10,DEMO_BJT_01,BJT,7.372000,0.384404,2.833826,10.000000,7.166174,71.661737,42.890000,50.000000,184.581314,150.000000,-34.581314,NOT_SAFE_TEMPERATURE,TEMPERATURE,2,1.230542,Correct thermal operating condition,2.142200,2.142200,TEMPERATURE,1,0.290586,24.406093,1,5.572783,24.406093
11,DEMO_MOSFET_01,MOSFET,30.681000,0.108944,3.342511,10.000000,6.657489,66.574891,41.600000,40.000000,175.300435,150.000000,-25.300435,NOT_SAFE_TEMPERATURE,TEMPERATURE,2,1.168670,Correct thermal operating condition,2.710000,2.710000,TEMPERATURE,1,0.088328,18.923225,1,24.875165,18.923225
12,DEMO_MOSFET_02,MOSFET,27.334000,0.297912,8.143127,20.000000,11.856873,59.284367,21.960000,25.000000,225.538165,175.000000,-50.538165,NOT_SAFE_TEMPERATURE,TEMPERATURE,2,1.288790,Correct thermal operating condition,6.121600,6.121600,TEMPERATURE,1,0.223956,24.824944,1,20.548350,24.824944
13,DEMO_BJT_01,BJT,7.885000,0.097008,0.764908,10.000000,9.235092,92.350919,48.350000,50.000000,86.595404,150.000000,63.404596,SAFE,NONE,4,0.577303,No immediate action,2.033000,2.033000,TEMPERATURE,1,0.257831,0.000000,1,20.957034,0.000000
14,DEMO_MOSFET_01,MOSFET,14.923000,0.095751,1.428892,10.000000,8.571108,85.711078,46.430000,40.000000,103.585687,150.000000,46.414313,SAFE,NONE,4,0.690571,No immediate action,2.589250,2.589250,TEMPERATURE,1,0.173507,0.000000,1,27.041493,0.000000
15,DEMO_MOSFET_02,MOSFET,33.115000,0.238039,7.882661,20.000000,12.117339,60.586693,32.670000,25.000000,229.736537,175.000000,-54.736537,NOT_SAFE_TEMPERATURE,TEMPERATURE,2,1.312780,Correct thermal operating condition,5.693200,5.693200,TEMPERATURE,1,0.171922,27.775663,1,23.917089,27.775663
16,DEMO_BJT_01,BJT,22.607000,0.069120,1.562596,10.000000,8.437404,84.374042,46.750000,50.000000,124.879792,150.000000,25.120208,SAFE,NONE,4,0.832532,No immediate action,2.065000,2.065000,TEMPERATURE,1,0.091343,0.000000,1,29.875579,0.000000
17,DEMO_MOSFET_01,MOSFET,27.563000,0.116749,3.217953,10.000000,6.782047,67.820473,41.350000,40.000000,170.068107,150.000000,-20.068107,NOT_SAFE_TEMPERATURE,TEMPERATURE,2,1.133787,Correct thermal operating condition,2.716250,2.716250,TEMPERATURE,1,0.098547,15.590742,1,23.265724,15.590742
18,DEMO_MOSFET_02,MOSFET,57.360000,0.023968,1.374804,20.000000,18.625196,93.125978,39.770000,25.000000,74.140112,175.000000,100.859888,SAFE,NONE,4,0.423658,No immediate action,5.409200,5.409200,TEMPERATURE,1,0.094303,0.000000,1,225.684246,0.000000
19,DEMO_BJT_01,BJT,24.584000,0.038835,0.954720,10.000000,9.045280,90.452804,24.390000,50.000000,72.125982,150.000000,77.874018,SAFE,NONE,4,0.480840,No immediate action,2.512200,2.512200,TEMPERATURE,1,0.102188,0.000000,1,64.689069,0.000000
20,DEMO_MOSFET_01,MOSFET,39.406000,0.075621,2.979921,10.000000,7.020079,70.200789,20.890000,40.000000,140.086845,150.000000,9.913155,CRITICAL,LOW_MARGIN,3,0.933912,Monitor / investigate,3.227750,3.227750,TEMPERATURE,1,0.081910,0.000000,1,42.683249,0.000000
21,DEMO_MOSFET_02,MOSFET,30.048000,0.258383,7.763892,20.000000,12.236108,61.180538,39.450000,25.000000,233.547310,175.000000,-58.547310,NOT_SAFE_TEMPERATURE,TEMPERATURE,2,1.334556,Correct thermal operating condition,5.422000,5.422000,TEMPERATURE,1,0.180445,30.163895,1,20.984353,30.163895
22,DEMO_BJT_01,BJT,22.114000,0.120075,2.655339,10.000000,7.344661,73.446615,50.450000,50.000000,183.216927,150.000000,-33.216927,NOT_SAFE_TEMPERATURE,TEMPERATURE,2,1.221446,Correct thermal operating condition,1.991000,1.991000,TEMPERATURE,1,0.090033,25.018977,1,16.581303,25.018977
23,DEMO_MOSFET_01,MOSFET,8.460000,0.335150,2.835369,10.000000,7.164631,71.646310,30.360000,40.000000,143.774760,150.000000,6.225240,CRITICAL,LOW_MARGIN,3,0.958498,Monitor / investigate,2.991000,2.991000,TEMPERATURE,1,0.353546,0.000000,1,8.924362,0.000000
24,DEMO_MOSFET_02,MOSFET,52.324000,0.151451,7.924522,20.000000,12.075478,60.377389,42.500000,25.000000,240.613053,175.000000,-65.613053,NOT_SAFE_TEMPERATURE,TEMPERATURE,2,1.374932,Correct thermal operating condition,5.300000,5.300000,TEMPERATURE,1,0.101292,33.118995,1,34.994817,33.118995
25,DEMO_BJT_01,BJT,8.128000,0.159644,1.297586,10.000000,8.702414,87.024136,50.420000,50.000000,115.299322,150.000000,34.700678,SAFE,NONE,4,0.768662,No immediate action,1.991600,1.991600,TEMPERATURE,1,0.245030,0.000000,1,12.475257,0.000000
26,DEMO_MOSFET_01,MOSFET,20.188000,0.177636,3.586116,10.000000,6.413884,64.138844,47.160000,40.000000,190.604623,150.000000,-40.604623,NOT_SAFE_TEMPERATURE,TEMPERATURE,2,1.270697,Correct thermal operating condition,2.571000,2.571000,TEMPERATURE,1,0.127353,28.306828,1,14.473418,28.306828
27,DEMO_MOSFET_02,MOSFET,11.675000,0.464358,5.421380,20.000000,14.578620,72.893102,37.300000,25.000000,172.834491,175.000000,2.165509,CRITICAL,LOW_MARGIN,3,0.987626,Monitor / investigate,5.508000,5.508000,TEMPERATURE,1,0.471777,0.000000,1,11.861538,0.000000
28,DEMO_BJT_01,BJT,16.872000,0.146412,2.470263,10.000000,7.529737,75.297367,20.330000,50.000000,143.843163,150.000000,6.156837,CRITICAL,LOW_MARGIN,3,0.958954,Monitor / investigate,2.593400,2.593400,TEMPERATURE,1,0.153710,0.000000,1,17.713029,0.000000
29,DEMO_MOSFET_01,MOSFET,30.944000,0.085746,2.653324,10.000000,7.346676,73.466758,37.360000,40.000000,143.492969,150.000000,6.507031,CRITICAL,LOW_MARGIN,3,0.956620,Monitor / investigate,2.816000,2.816000,TEMPERATURE,1,0.091003,0.000000,1,32.841182,0.000000
30,DEMO_MOSFET_02,MOSFET,54.061000,0.070826,3.828924,20.000000,16.171076,80.855378,32.700000,25.000000,128.423110,175.000000,46.576890,SAFE,NONE,4,0.733846,No immediate action,5.692000,5.692000,TEMPERATURE,1,0.105288,0.000000,1,80.365967,0.000000
31,DEMO_BJT_01,BJT,14.486000,0.118207,1.712347,10.000000,8.287653,82.876534,32.070000,50.000000,117.687330,150.000000,32.312670,SAFE,NONE,4,0.784582,No immediate action,2.358600,2.358600,TEMPERATURE,1,0.162819,0.000000,1,19.953133,0.000000
32,DEMO_MOSFET_01,MOSFET,19.653000,0.114490,2.250072,10.000000,7.749928,77.499280,21.370000,40.000000,111.372879,150.000000,38.627121,SAFE,NONE,4,0.742486,No immediate action,3.215750,3.215750,TEMPERATURE,1,0.163626,0.000000,1,28.087606,0.000000
33,DEMO_MOSFET_02,MOSFET,20.252000,0.176331,3.571055,20.000000,16.428945,82.144723,45.070000,25.000000,134.346385,175.000000,40.653615,SAFE,NONE,4,0.767694,No immediate action,5.197200,5.197200,TEMPERATURE,1,0.256627,0.000000,1,29.474114,0.000000
34,DEMO_BJT_01,BJT,8.699000,0.114910,0.999602,10.000000,9.000398,90.003979,46.110000,50.000000,96.090104,150.000000,53.909896,SAFE,NONE,4,0.640601,No immediate action,2.077800,2.077800,TEMPERATURE,1,0.238855,0.000000,1,18.081977,0.000000
35,DEMO_MOSFET_01,MOSFET,11.676000,0.243821,2.846854,10.000000,7.153146,71.531460,32.590000,40.000000,146.464160,150.000000,3.535840,CRITICAL,LOW_MARGIN,3,0.976428,Monitor / investigate,2.935250,2.935250,TEMPERATURE,1,0.251392,0.000000,1,12.038545,0.000000
36,DEMO_MOSFET_02,MOSFET,9.432000,0.446270,4.209219,20.000000,15.790781,78.953907,28.430000,25.000000,133.660466,175.000000,41.339534,SAFE,NONE,4,0.763774,No immediate action,5.862800,5.862800,TEMPERATURE,1,0.621586,0.000000,1,13.137338,0.000000
37,DEMO_BJT_01,BJT,6.279000,0.507502,3.186605,10.000000,6.813395,68.133949,21.030000,50.000000,180.360253,150.000000,-30.360253,NOT_SAFE_TEMPERATURE,TEMPERATURE,2,1.202402,Correct thermal operating condition,2.579400,2.579400,TEMPERATURE,1,0.410798,19.054920,1,5.082542,19.054920
38,DEMO_MOSFET_01,MOSFET,15.243000,0.091377,1.392860,10.000000,8.607140,86.071404,23.560000,40.000000,79.274384,150.000000,70.725616,SAFE,NONE,4,0.528496,No immediate action,3.161000,3.161000,TEMPERATURE,1,0.207374,0.000000,1,34.592950,0.000000
39,DEMO_MOSFET_02,MOSFET,50.809000,0.102872,5.226823,20.000000,14.773177,73.865883,33.640000,25.000000,164.310586,175.000000,10.689414,SAFE,NONE,4,0.938918,No immediate action,5.654400,5.654400,TEMPERATURE,1,0.111287,0.000000,1,54.965394,0.000000
40,DEMO_BJT_01,BJT,28.490000,0.054197,1.544073,10.000000,8.455927,84.559275,30.580000,50.000000,107.783626,150.000000,42.216374,SAFE,NONE,4,0.718558,No immediate action,2.388400,2.388400,TEMPERATURE,1,0.083833,0.000000,1,44.068860,0.000000
41,DEMO_MOSFET_01,MOSFET,24.301000,0.205623,4.996845,10.000000,5.003155,50.031555,15.780000,40.000000,215.653781,150.000000,-65.653781,NOT_SAFE_TEMPERATURE,TEMPERATURE,2,1.437692,Correct thermal operating condition,3.355500,3.355500,TEMPERATURE,1,0.138081,32.847620,1,16.318700,32.847620
42,DEMO_MOSFET_02,MOSFET,21.424000,0.196489,4.209580,20.000000,15.790420,78.952098,34.080000,25.000000,139.319508,175.000000,35.680492,SAFE,NONE,4,0.796111,No immediate action,5.636800,5.636800,TEMPERATURE,1,0.263107,0.000000,1,28.687611,0.000000
43,DEMO_BJT_01,BJT,25.400000,0.067423,1.712544,10.000000,8.287456,82.874558,30.600000,50.000000,116.227210,150.000000,33.772790,SAFE,NONE,4,0.774848,No immediate action,2.388000,2.388000,TEMPERATURE,1,0.094016,0.000000,1,35.418181,0.000000
44,DEMO_MOSFET_01,MOSFET,32.595000,0.054489,1.776069,10.000000,8.223931,82.239310,36.530000,40.000000,107.572758,150.000000,42.427242,SAFE,NONE,4,0.717152,No immediate action,2.836750,2.836750,TEMPERATURE,1,0.087030,0.000000,1,52.060966,0.000000
45,DEMO_MOSFET_02,MOSFET,20.011000,0.319714,6.397797,20.000000,13.602203,68.011016,50.910000,25.000000,210.854921,175.000000,-35.854921,NOT_SAFE_TEMPERATURE,TEMPERATURE,2,1.204885,Correct thermal operating condition,4.963600,4.963600,TEMPERATURE,1,0.248044,22.417043,1,15.525126,22.417043
46,DEMO_BJT_01,BJT,20.728000,0.047453,0.983606,10.000000,9.016394,90.163942,34.430000,50.000000,83.610289,150.000000,66.389711,SAFE,NONE,4,0.557402,No immediate action,2.311400,2.311400,TEMPERATURE,1,0.111511,0.000000,1,48.709249,0.000000
47,DEMO_MOSFET_01,MOSFET,34.099000,0.046856,1.597743,10.000000,8.402257,84.022573,46.930000,40.000000,110.839710,150.000000,39.160290,SAFE,NONE,4,0.738931,No immediate action,2.576750,2.576750,TEMPERATURE,1,0.075567,0.000000,1,54.992957,0.000000
48,DEMO_MOSFET_02,MOSFET,34.377000,0.220820,7.591129,20.000000,12.408871,62.044354,51.780000,25.000000,241.558229,175.000000,-66.558229,NOT_SAFE_TEMPERATURE,TEMPERATURE,2,1.380333,Correct thermal operating condition,4.928800,4.928800,TEMPERATURE,1,0.143375,35.071583,1,22.320442,35.071583
49,DEMO_BJT_01,BJT,20.564000,0.052165,1.072721,10.000000,8.927279,89.272789,51.280000,50.000000,104.916053,150.000000,45.083947,SAFE,NONE,4,0.699440,No immediate action,1.974400,1.974400,TEMPERATURE,1,0.096012,0.000000,1,37.849133,0.000000
50,DEMO_MOSFET_01,MOSFET,35.074000,0.042093,1.476370,10.000000,8.523630,85.236301,18.360000,40.000000,77.414795,150.000000,72.585205,SAFE,NONE,4,0.516099,No immediate action,3.291000,3.291000,TEMPERATURE,1,0.093830,0.000000,1,78.184021,0.000000
51,DEMO_MOSFET_02,MOSFET,23.004000,0.093185,2.143628,20.000000,17.856372,89.281861,22.270000,25.000000,75.860694,175.000000,99.139306,SAFE,NONE,4,0.433490,No immediate action,6.109200,6.109200,TEMPERATURE,1,0.265571,0.000000,1,65.559908,0.000000
52,DEMO_BJT_01,BJT,26.630000,0.034719,0.924567,10.000000,9.075433,90.754330,33.190000,50.000000,79.418349,150.000000,70.581651,SAFE,NONE,4,0.529456,No immediate action,2.336200,2.336200,TEMPERATURE,1,0.087728,0.000000,1,67.288804,0.000000
53,DEMO_MOSFET_01,MOSFET,18.598000,0.253947,4.722906,10.000000,5.277094,52.770937,26.130000,40.000000,215.046252,150.000000,-65.046252,NOT_SAFE_TEMPERATURE,TEMPERATURE,2,1.433642,Correct thermal operating condition,3.096750,3.096750,TEMPERATURE,1,0.166510,34.431263,1,12.194474,34.431263
54,DEMO_MOSFET_02,MOSFET,46.196000,0.140301,6.481345,20.000000,13.518655,67.593275,48.400000,25.000000,210.433625,175.000000,-35.433625,NOT_SAFE_TEMPERATURE,TEMPERATURE,2,1.202478,Correct thermal operating condition,5.064000,5.064000,TEMPERATURE,1,0.109620,21.868069,1,36.093827,21.868069
55,DEMO_BJT_01,BJT,8.278000,0.241521,1.999311,10.000000,8.000689,80.006892,17.080000,50.000000,117.045542,150.000000,32.954458,SAFE,NONE,4,0.780304,No immediate action,2.658400,2.658400,TEMPERATURE,1,0.321140,0.000000,1,11.006910,0.000000
56,DEMO_MOSFET_01,MOSFET,4.490000,0.556195,2.497316,10.000000,7.502684,75.026844,17.740000,40.000000,117.632622,150.000000,32.367378,SAFE,NONE,4,0.784217,No immediate action,3.306500,3.306500,TEMPERATURE,1,0.736414,0.000000,1,5.944857,0.000000
57,DEMO_MOSFET_02,MOSFET,51.158000,0.116351,5.952284,20.000000,14.047716,70.238578,16.240000,25.000000,165.047111,175.000000,9.952889,CRITICAL,LOW_MARGIN,3,0.943126,Monitor / investigate,6.350400,6.350400,TEMPERATURE,1,0.124133,0.000000,1,54.579677,0.000000
58,DEMO_BJT_01,BJT,15.260000,0.048846,0.745390,10.000000,9.254610,92.546100,39.850000,50.000000,77.119498,150.000000,72.880502,SAFE,NONE,4,0.514130,No immediate action,2.203000,2.203000,TEMPERATURE,1,0.144364,0.000000,1,45.100929,0.000000
59,DEMO_MOSFET_01,MOSFET,20.206000,0.120976,2.444441,10.000000,7.555559,75.555589,19.580000,40.000000,117.357642,150.000000,32.642358,SAFE,NONE,4,0.782384,No immediate action,3.260500,3.260500,TEMPERATURE,1,0.161363,0.000000,1,26.951627,0.000000
60,DEMO_MOSFET_02,MOSFET,38.324000,0.191956,7.356522,20.000000,12.643478,63.217391,25.250000,25.000000,209.163044,175.000000,-34.163044,NOT_SAFE_TEMPERATURE,TEMPERATURE,2,1.195217,Correct thermal operating condition,5.990000,5.990000,TEMPERATURE,1,0.156299,18.575650,1,31.205068,18.575650
61,DEMO_BJT_01,BJT,23.778000,0.050026,1.189518,10.000000,8.810482,88.104818,53.550000,50.000000,113.025911,150.000000,36.974089,SAFE,NONE,4,0.753506,No immediate action,1.929000,1.929000,TEMPERATURE,1,0.081125,0.000000,1,38.559949,0.000000
62,DEMO_MOSFET_01,MOSFET,24.411000,0.157676,3.849029,10.000000,6.150971,61.509712,21.550000,40.000000,175.511153,150.000000,-25.511153,NOT_SAFE_TEMPERATURE,TEMPERATURE,2,1.170074,Correct thermal operating condition,3.211250,3.211250,TEMPERATURE,1,0.131549,16.569864,1,20.366131,16.569864
63,DEMO_MOSFET_02,MOSFET,54.941000,0.047756,2.623762,20.000000,17.376238,86.881188,52.160000,25.000000,117.754060,175.000000,57.245940,SAFE,NONE,4,0.672880,No immediate action,4.913600,4.913600,TEMPERATURE,1,0.089434,0.000000,1,102.889689,0.000000
64,DEMO_BJT_01,BJT,7.553000,0.237030,1.790288,10.000000,8.209712,82.097124,30.010000,50.000000,119.524379,150.000000,30.475621,SAFE,NONE,4,0.796829,No immediate action,2.399800,2.399800,TEMPERATURE,1,0.317728,0.000000,1,10.124457,0.000000
65,DEMO_MOSFET_01,MOSFET,11.985000,0.158292,1.897130,10.000000,8.102870,81.028704,38.680000,40.000000,114.565185,150.000000,35.434815,SAFE,NONE,4,0.763768,No immediate action,2.783000,2.783000,TEMPERATURE,1,0.232207,0.000000,1,17.581432,0.000000
66,DEMO_MOSFET_02,MOSFET,42.634000,0.046471,1.981245,20.000000,18.018755,90.093777,42.890000,25.000000,92.421115,175.000000,82.578885,SAFE,NONE,4,0.528121,No immediate action,5.284400,5.284400,TEMPERATURE,1,0.123948,0.000000,1,113.713929,0.000000
67,DEMO_BJT_01,BJT,17.846000,0.166564,2.972501,10.000000,7.027499,70.274989,47.220000,50.000000,195.845057,150.000000,-45.845057,NOT_SAFE_TEMPERATURE,TEMPERATURE,2,1.305634,Correct thermal operating condition,2.055600,2.055600,TEMPERATURE,1,0.115185,30.846116,1,12.341202,30.846116
68,DEMO_MOSFET_01,MOSFET,27.476000,0.061760,1.696918,10.000000,8.303082,83.030822,16.640000,40.000000,84.516710,150.000000,65.483290,SAFE,NONE,4,0.563445,No immediate action,3.334000,3.334000,TEMPERATURE,1,0.121342,0.000000,1,53.983161,0.000000
69,DEMO_MOSFET_02,MOSFET,5.696000,1.513097,8.618601,20.000000,11.381399,56.906997,17.760000,25.000000,233.225013,175.000000,-58.225013,NOT_SAFE_TEMPERATURE,TEMPERATURE,2,1.332714,Correct thermal operating condition,6.289600,6.289600,TEMPERATURE,1,1.104213,27.022955,1,4.156773,27.022955
70,DEMO_BJT_01,BJT,14.139000,0.215686,3.049584,10.000000,6.950416,69.504156,31.800000,50.000000,184.279218,150.000000,-34.279218,NOT_SAFE_TEMPERATURE,TEMPERATURE,2,1.228528,Correct thermal operating condition,2.364000,2.364000,TEMPERATURE,1,0.167197,22.481239,1,10.960378,22.481239
71,DEMO_MOSFET_01,MOSFET,20.010000,0.107971,2.160500,10.000000,7.839500,78.395003,29.490000,40.000000,115.909988,150.000000,34.090012,SAFE,NONE,4,0.772733,No immediate action,3.012750,3.012750,TEMPERATURE,1,0.150562,0.000000,1,27.903326,0.000000
72,DEMO_MOSFET_02,MOSFET,33.696000,0.206384,6.954315,20.000000,13.045685,65.228424,21.120000,25.000000,194.977882,175.000000,-19.977882,NOT_SAFE_TEMPERATURE,TEMPERATURE,2,1.114159,Correct thermal operating condition,6.155200,6.155200,TEMPERATURE,1,0.182669,11.490927,1,29.824017,11.490927
73,DEMO_BJT_01,BJT,27.749000,0.075650,2.099212,10.000000,7.900788,79.007881,41.020000,50.000000,145.980593,150.000000,4.019407,CRITICAL,LOW_MARGIN,3,0.973204,Monitor / investigate,2.179600,2.179600,TEMPERATURE,1,0.078547,0.000000,1,28.811633,0.000000
74,DEMO_MOSFET_01,MOSFET,33.552000,0.098977,3.320876,10.000000,6.679124,66.791237,45.990000,40.000000,178.825052,150.000000,-28.825052,NOT_SAFE_TEMPERATURE,TEMPERATURE,2,1.192167,Correct thermal operating condition,2.600250,2.600250,TEMPERATURE,1,0.077499,21.699884,1,26.271255,21.699884
75,DEMO_MOSFET_02,MOSFET,18.502000,0.354892,6.566212,20.000000,13.433788,67.168941,38.700000,25.000000,202.855295,175.000000,-27.855295,NOT_SAFE_TEMPERATURE,TEMPERATURE,2,1.159173,Correct thermal operating condition,5.452000,5.452000,TEMPERATURE,1,0.294671,16.968868,1,15.362420,16.968868
76,DEMO_BJT_01,BJT,14.622000,0.157847,2.308039,10.000000,7.691961,76.919612,52.380000,50.000000,167.781942,150.000000,-17.781942,NOT_SAFE_TEMPERATURE,TEMPERATURE,2,1.118546,Correct thermal operating condition,1.952400,1.952400,TEMPERATURE,1,0.133525,15.408702,1,12.368940,15.408702
77,DEMO_MOSFET_01,MOSFET,27.723000,0.050223,1.392332,10.000000,8.607668,86.076678,45.020000,40.000000,100.713289,150.000000,49.286711,SAFE,NONE,4,0.671422,No immediate action,2.624500,2.624500,TEMPERATURE,1,0.094669,0.000000,1,52.256934,0.000000
78,DEMO_MOSFET_02,MOSFET,22.876000,0.331091,7.574038,20.000000,12.425962,62.129811,28.460000,25.000000,217.810943,175.000000,-42.810943,NOT_SAFE_TEMPERATURE,TEMPERATURE,2,1.244634,Correct thermal operating condition,5.861600,5.861600,TEMPERATURE,1,0.256234,22.609311,1,17.703894,22.609311
79,DEMO_BJT_01,BJT,9.234000,0.101515,0.937390,10.000000,9.062610,90.626105,34.500000,50.000000,81.369475,150.000000,68.630525,SAFE,NONE,4,0.542463,No immediate action,2.310000,2.310000,TEMPERATURE,1,0.250162,0.000000,1,22.755258,0.000000
80,DEMO_MOSFET_01,MOSFET,35.564000,0.047502,1.689361,10.000000,8.310639,83.106389,26.190000,40.000000,93.764445,150.000000,56.235555,SAFE,NONE,4,0.625096,No immediate action,3.095250,3.095250,TEMPERATURE,1,0.087033,0.000000,1,65.160414,0.000000
81,DEMO_MOSFET_02,MOSFET,15.508000,0.177546,2.753383,20.000000,17.246617,86.233083,37.230000,25.000000,106.064584,175.000000,68.935416,SAFE,NONE,4,0.606083,No immediate action,5.510800,5.510800,TEMPERATURE,1,0.355352,0.000000,1,31.038717,0.000000
82,DEMO_BJT_01,BJT,17.545000,0.062259,1.092334,10.000000,8.907666,89.076658,24.650000,50.000000,79.266708,150.000000,70.733292,SAFE,NONE,4,0.528445,No immediate action,2.507000,2.507000,TEMPERATURE,1,0.142890,0.000000,1,40.267271,0.000000
83,DEMO_MOSFET_01,MOSFET,29.338000,0.137063,4.021154,10.000000,5.978846,59.788457,24.610000,40.000000,185.456172,150.000000,-35.456172,NOT_SAFE_TEMPERATURE,TEMPERATURE,2,1.236374,Correct thermal operating condition,3.134750,3.134750,TEMPERATURE,1,0.106849,22.043529,1,22.870870,22.043529
84,DEMO_MOSFET_02,MOSFET,21.183000,0.247140,5.235167,20.000000,14.764833,73.824167,32.930000,25.000000,163.809166,175.000000,11.190834,SAFE,NONE,4,0.936052,No immediate action,5.682800,5.682800,TEMPERATURE,1,0.268272,0.000000,1,22.994254,0.000000
85,DEMO_BJT_01,BJT,20.591000,0.134352,2.766442,10.000000,7.233558,72.335580,31.180000,50.000000,169.502102,150.000000,-19.502102,NOT_SAFE_TEMPERATURE,TEMPERATURE,2,1.130014,Correct thermal operating condition,2.376400,2.376400,TEMPERATURE,1,0.115410,14.099050,1,17.687865,14.099050
86,DEMO_MOSFET_01,MOSFET,15.719000,0.252861,3.974722,10.000000,6.025278,60.252779,29.760000,40.000000,188.748882,150.000000,-38.748882,NOT_SAFE_TEMPERATURE,TEMPERATURE,2,1.258326,Correct thermal operating condition,3.006000,3.006000,TEMPERATURE,1,0.191234,24.372070,1,11.887954,24.372070
87,DEMO_MOSFET_02,MOSFET,24.350000,0.260640,6.346584,20.000000,13.653416,68.267080,54.870000,25.000000,213.534600,175.000000,-38.534600,NOT_SAFE_TEMPERATURE,TEMPERATURE,2,1.220198,Correct thermal operating condition,4.805200,4.805200,TEMPERATURE,1,0.197339,24.286829,1,18.436157,24.286829
88,DEMO_BJT_01,BJT,8.455000,0.104436,0.883006,10.000000,9.116994,91.169936,33.150000,50.000000,77.300319,150.000000,72.699681,SAFE,NONE,4,0.515335,No immediate action,2.337000,2.337000,TEMPERATURE,1,0.276404,0.000000,1,22.377341,0.000000
89,DEMO_MOSFET_01,MOSFET,30.487000,0.104535,3.186959,10.000000,6.813041,68.130415,43.850000,40.000000,171.328342,150.000000,-21.328342,NOT_SAFE_TEMPERATURE,TEMPERATURE,2,1.142189,Correct thermal operating condition,2.653750,2.653750,TEMPERATURE,1,0.087045,16.730953,1,25.386234,16.730953
90,DEMO_MOSFET_02,MOSFET,15.535000,0.188519,2.928643,20.000000,17.071357,85.356787,53.040000,25.000000,126.256067,175.000000,48.743933,SAFE,NONE,4,0.721463,No immediate action,4.878400,4.878400,TEMPERATURE,1,0.314026,0.000000,1,25.877498,0.000000
91,DEMO_BJT_01,BJT,18.508000,0.041066,0.760050,10.000000,9.239950,92.399505,44.540000,50.000000,82.542476,150.000000,67.457524,SAFE,NONE,4,0.550283,No immediate action,2.109200,2.109200,TEMPERATURE,1,0.113962,0.000000,1,51.361223,0.000000
92,DEMO_MOSFET_01,MOSFET,39.279000,0.036356,1.428027,10.000000,8.571973,85.719727,45.410000,40.000000,102.531093,150.000000,47.468907,SAFE,NONE,4,0.683541,No immediate action,2.614750,2.614750,TEMPERATURE,1,0.066569,0.000000,1,71.920728,0.000000
93,DEMO_MOSFET_02,MOSFET,24.848000,0.191862,4.767387,20.000000,15.232613,76.163065,48.310000,25.000000,167.494674,175.000000,7.505326,CRITICAL,LOW_MARGIN,3,0.957112,Monitor / investigate,5.067600,5.067600,TEMPERATURE,1,0.203944,0.000000,1,26.412734,0.000000
94,DEMO_BJT_01,BJT,5.544000,0.270744,1.501005,10.000000,8.498995,84.989953,27.090000,50.000000,102.140237,150.000000,47.859763,SAFE,NONE,4,0.680935,No immediate action,2.458200,2.458200,TEMPERATURE,1,0.443398,0.000000,1,9.079426,0.000000
95,DEMO_MOSFET_01,MOSFET,13.809000,0.055847,0.771191,10.000000,9.228809,92.288088,16.820000,40.000000,47.667649,150.000000,102.332351,SAFE,NONE,4,0.317784,No immediate action,3.329500,3.329500,TEMPERATURE,1,0.241111,0.000000,1,59.618243,0.000000
96,DEMO_MOSFET_02,MOSFET,46.404000,0.060056,2.786839,20.000000,17.213161,86.065807,52.760000,25.000000,122.430966,175.000000,52.569034,SAFE,NONE,4,0.699606,No immediate action,4.889600,4.889600,TEMPERATURE,1,0.105370,0.000000,1,81.417344,0.000000
97,DEMO_BJT_01,BJT,9.962000,0.054431,0.542242,10.000000,9.457758,94.577584,19.100000,50.000000,46.212081,150.000000,103.787919,SAFE,NONE,4,0.308081,No immediate action,2.618000,2.618000,TEMPERATURE,1,0.262799,0.000000,1,48.097591,0.000000
98,DEMO_MOSFET_01,MOSFET,38.723000,0.090782,3.515351,10.000000,6.484649,64.846486,34.150000,40.000000,174.764055,150.000000,-24.764055,NOT_SAFE_TEMPERATURE,TEMPERATURE,2,1.165094,Correct thermal operating condition,2.896250,2.896250,TEMPERATURE,1,0.074794,17.611366,1,31.903351,17.611366
99,DEMO_MOSFET_02,MOSFET,11.275000,0.786800,8.871170,20.000000,11.128830,55.644150,25.100000,25.000000,246.879250,175.000000,-71.879250,NOT_SAFE_TEMPERATURE,TEMPERATURE,2,1.410739,Correct thermal operating condition,5.996000,5.996000,TEMPERATURE,1,0.531796,32.410268,1,7.620742,32.410268
100,DEMO_BJT_01,BJT,18.157000,0.070757,1.284735,10.000000,8.715265,87.152652,17.610000,50.000000,81.846742,150.000000,68.153258,SAFE,NONE,4,0.545645,No immediate action,2.647800,2.647800,TEMPERATURE,1,0.145828,0.000000,1,37.421033,0.000000
101,DEMO_MOSFET_01,MOSFET,33.012000,0.075791,2.502012,10.000000,7.497988,74.979875,42.460000,40.000000,142.540500,150.000000,7.459500,CRITICAL,LOW_MARGIN,3,0.950270,Monitor / investigate,2.688500,2.688500,TEMPERATURE,1,0.081440,0.000000,1,35.472550,0.000000
102,DEMO_MOSFET_02,MOSFET,18.651000,0.283570,5.288864,20.000000,14.711136,73.555680,52.970000,25.000000,185.191602,175.000000,-10.191602,NOT_SAFE_TEMPERATURE,TEMPERATURE,2,1.058238,Correct thermal operating condition,4.881200,4.881200,TEMPERATURE,1,0.261713,7.707970,1,17.213386,7.707970
103,DEMO_BJT_01,BJT,18.692000,0.114432,2.138963,10.000000,7.861037,78.610371,37.320000,50.000000,144.268147,150.000000,5.731853,CRITICAL,LOW_MARGIN,3,0.961788,Monitor / investigate,2.253600,2.253600,TEMPERATURE,1,0.120565,0.000000,1,19.693792,0.000000
104,DEMO_MOSFET_01,MOSFET,17.074000,0.231777,3.957360,10.000000,6.042640,60.426395,39.740000,40.000000,198.034420,150.000000,-48.034420,NOT_SAFE_TEMPERATURE,TEMPERATURE,2,1.320229,Correct thermal operating condition,2.756500,2.756500,TEMPERATURE,1,0.161444,30.344986,1,11.892897,30.344986
105,DEMO_MOSFET_02,MOSFET,37.369000,0.049302,1.842366,20.000000,18.157634,90.788168,51.340000,25.000000,97.399161,175.000000,77.600839,SAFE,NONE,4,0.556567,No immediate action,4.946400,4.946400,TEMPERATURE,1,0.132366,0.000000,1,100.328587,0.000000
106,DEMO_BJT_01,BJT,3.686000,0.850338,3.134346,10.000000,6.865654,68.656541,32.150000,50.000000,188.867293,150.000000,-38.867293,NOT_SAFE_TEMPERATURE,TEMPERATURE,2,1.259115,Correct thermal operating condition,2.357000,2.357000,TEMPERATURE,1,0.639447,24.800896,1,2.771839,24.800896
107,DEMO_MOSFET_01,MOSFET,31.221000,0.019921,0.621954,10.000000,9.378046,93.780465,53.400000,40.000000,78.278142,150.000000,71.721858,SAFE,NONE,4,0.521854,No immediate action,2.415000,2.415000,TEMPERATURE,1,0.077352,0.000000,1,121.228854,0.000000
108,DEMO_MOSFET_02,MOSFET,9.465000,0.670223,6.343661,20.000000,13.656339,68.281697,40.020000,25.000000,198.611517,175.000000,-23.611517,NOT_SAFE_TEMPERATURE,TEMPERATURE,2,1.134923,Correct thermal operating condition,5.399200,5.399200,TEMPERATURE,1,0.570438,14.888260,1,8.055826,14.888260
109,DEMO_BJT_01,BJT,6.383000,0.204390,1.304621,10.000000,8.695379,86.953786,24.590000,50.000000,89.821069,150.000000,60.178931,SAFE,NONE,4,0.598807,No immediate action,2.508200,2.508200,TEMPERATURE,1,0.392950,0.000000,1,12.271638,0.000000
110,DEMO_MOSFET_01,MOSFET,20.387000,0.202489,4.128143,10.000000,5.871857,58.718568,31.340000,40.000000,196.465730,150.000000,-46.465730,NOT_SAFE_TEMPERATURE,TEMPERATURE,2,1.309772,Correct thermal operating condition,2.966500,2.966500,TEMPERATURE,1,0.145509,28.139606,1,14.650179,28.139606
111,DEMO_MOSFET_02,MOSFET,20.550000,0.113398,2.330329,20.000000,17.669671,88.348355,16.310000,25.000000,74.568223,175.000000,100.431777,SAFE,NONE,4,0.426104,No immediate action,6.347600,6.347600,TEMPERATURE,1,0.308886,0.000000,1,55.976296,0.000000
112,DEMO_BJT_01,BJT,8.536000,0.253736,2.165890,10.000000,7.834110,78.341095,49.380000,50.000000,157.674525,150.000000,-7.674525,NOT_SAFE_TEMPERATURE,TEMPERATURE,2,1.051163,Correct thermal operating condition,2.012400,2.012400,TEMPERATURE,1,0.235754,7.086715,1,7.931078,7.086715
113,DEMO_MOSFET_01,MOSFET,24.822000,0.082569,2.049528,10.000000,7.950472,79.504723,25.580000,40.000000,107.561109,150.000000,42.438891,SAFE,NONE,4,0.717074,No immediate action,3.110500,3.110500,TEMPERATURE,1,0.125312,0.000000,1,37.671523,0.000000
114,DEMO_MOSFET_02,MOSFET,11.313000,0.142272,1.609523,20.000000,18.390477,91.952384,47.160000,25.000000,87.398078,175.000000,87.601922,SAFE,NONE,4,0.499418,No immediate action,5.113600,5.113600,TEMPERATURE,1,0.452011,0.000000,1,35.942420,0.000000
115,DEMO_BJT_01,BJT,9.438000,0.298001,2.812533,10.000000,7.187467,71.874666,23.990000,50.000000,164.616672,150.000000,-14.616672,NOT_SAFE_TEMPERATURE,TEMPERATURE,2,1.097444,Correct thermal operating condition,2.520200,2.520200,TEMPERATURE,1,0.267027,10.393954,1,8.457019,10.393954
116,DEMO_MOSFET_01,MOSFET,32.327000,0.107043,3.460379,10.000000,6.539621,65.396209,20.690000,40.000000,159.105162,150.000000,-9.105162,NOT_SAFE_TEMPERATURE,TEMPERATURE,2,1.060701,Correct thermal operating condition,3.232750,3.232750,TEMPERATURE,1,0.100002,6.578154,1,30.200480,6.578154
117,DEMO_MOSFET_02,MOSFET,55.666000,0.142924,7.956007,20.000000,12.043993,60.219963,38.800000,25.000000,237.700185,175.000000,-62.700185,NOT_SAFE_TEMPERATURE,TEMPERATURE,2,1.358287,Correct thermal operating condition,5.448000,5.448000,TEMPERATURE,1,0.097869,31.523442,1,38.118161,31.523442
118,DEMO_BJT_01,BJT,10.515000,0.105398,1.108260,10.000000,8.891740,88.917400,32.570000,50.000000,87.982999,150.000000,62.017001,SAFE,NONE,4,0.586553,No immediate action,2.348600,2.348600,TEMPERATURE,1,0.223357,0.000000,1,22.283155,0.000000
119,DEMO_MOSFET_01,MOSFET,22.979000,0.046297,1.063859,10.000000,8.936141,89.361412,31.100000,40.000000,73.654351,150.000000,76.345649,SAFE,NONE,4,0.491029,No immediate action,2.972500,2.972500,TEMPERATURE,1,0.129357,0.000000,1,64.205024,0.000000
120,DEMO_MOSFET_02,MOSFET,53.918000,0.101676,5.482167,20.000000,14.517833,72.589167,32.510000,25.000000,169.564164,175.000000,5.435836,CRITICAL,LOW_MARGIN,3,0.968938,Monitor / investigate,5.699600,5.699600,TEMPERATURE,1,0.105709,0.000000,1,56.056493,0.000000
121,DEMO_BJT_01,BJT,2.724000,0.426592,1.162037,10.000000,8.837963,88.379634,44.380000,50.000000,102.481830,150.000000,47.518170,SAFE,NONE,4,0.683212,No immediate action,2.112400,2.112400,TEMPERATURE,1,0.775477,0.000000,1,4.951804,0.000000
122,DEMO_MOSFET_01,MOSFET,34.839000,0.087341,3.042873,10.000000,6.957127,69.571269,24.160000,40.000000,145.874924,150.000000,4.125076,CRITICAL,LOW_MARGIN,3,0.972499,Monitor / investigate,3.146000,3.146000,TEMPERATURE,1,0.090301,0.000000,1,36.019739,0.000000
123,DEMO_MOSFET_02,MOSFET,47.062000,0.121899,5.736811,20.000000,14.263189,71.315946,38.480000,25.000000,181.900268,175.000000,-6.900268,NOT_SAFE_TEMPERATURE,TEMPERATURE,2,1.039430,Correct thermal operating condition,5.460800,5.460800,TEMPERATURE,1,0.116034,4.811223,1,44.797742,4.811223
124,DEMO_BJT_01,BJT,23.367000,0.083957,1.961823,10.000000,8.038177,80.381768,47.860000,50.000000,145.951161,150.000000,4.048839,CRITICAL,LOW_MARGIN,3,0.973008,Monitor / investigate,2.042800,2.042800,TEMPERATURE,1,0.087422,0.000000,1,24.331503,0.000000
125,DEMO_MOSFET_01,MOSFET,19.362000,0.158041,3.059990,10.000000,6.940010,69.400102,22.010000,40.000000,144.409594,150.000000,5.590406,CRITICAL,LOW_MARGIN,3,0.962731,Monitor / investigate,3.199750,3.199750,TEMPERATURE,1,0.165259,0.000000,1,20.246328,0.000000
126,DEMO_MOSFET_02,MOSFET,28.974000,0.318251,9.221004,20.000000,10.778996,53.894978,26.130000,25.000000,256.655112,175.000000,-81.655112,NOT_SAFE_TEMPERATURE,TEMPERATURE,2,1.466601,Correct thermal operating condition,5.954800,5.954800,TEMPERATURE,1,0.205522,35.421352,1,18.711017,35.421352
127,DEMO_BJT_01,BJT,15.160000,0.133486,2.023648,10.000000,7.976352,79.763522,47.570000,50.000000,148.752388,150.000000,1.247612,CRITICAL,LOW_MARGIN,3,0.991683,Monitor / investigate,2.048600,2.048600,TEMPERATURE,1,0.135132,0.000000,1,15.346928,0.000000
128,DEMO_MOSFET_01,MOSFET,6.870000,0.166773,1.145731,10.000000,8.854269,88.542695,31.330000,40.000000,77.159220,150.000000,72.840780,SAFE,NONE,4,0.514395,No immediate action,2.966750,2.966750,TEMPERATURE,1,0.431841,0.000000,1,17.789151,0.000000
129,DEMO_MOSFET_02,MOSFET,32.251000,0.083568,2.695152,20.000000,17.304848,86.524242,21.430000,25.000000,88.808789,175.000000,86.191211,SAFE,NONE,4,0.507479,No immediate action,6.142800,6.142800,TEMPERATURE,1,0.190469,0.000000,1,73.506605,0.000000
130,DEMO_BJT_01,BJT,23.294000,0.115905,2.699891,10.000000,7.300109,73.001089,41.500000,50.000000,176.494553,150.000000,-26.494553,NOT_SAFE_TEMPERATURE,TEMPERATURE,2,1.176630,Correct thermal operating condition,2.170000,2.170000,TEMPERATURE,1,0.093157,19.626387,1,18.722229,19.626387
131,DEMO_MOSFET_01,MOSFET,12.339000,0.293527,3.621830,10.000000,6.378170,63.781703,16.470000,40.000000,161.343186,150.000000,-11.343186,NOT_SAFE_TEMPERATURE,TEMPERATURE,2,1.075621,Correct thermal operating condition,3.338250,3.338250,TEMPERATURE,1,0.270545,7.829735,1,11.372889,7.829735
132,DEMO_MOSFET_02,MOSFET,52.570000,0.076612,4.027493,20.000000,15.972507,79.862536,19.640000,25.000000,120.327321,175.000000,54.672679,SAFE,NONE,4,0.687585,No immediate action,6.214400,6.214400,TEMPERATURE,1,0.118212,0.000000,1,81.115230,0.000000
133,DEMO_BJT_01,BJT,26.342000,0.015541,0.409381,10.000000,9.590619,95.906190,48.000000,50.000000,68.469051,150.000000,81.530949,SAFE,NONE,4,0.456460,No immediate action,2.040000,2.040000,TEMPERATURE,1,0.077443,0.000000,1,131.265684,0.000000
134,DEMO_MOSFET_01,MOSFET,22.182000,0.140205,3.110027,10.000000,6.889973,68.899727,33.480000,40.000000,157.881092,150.000000,-7.881092,NOT_SAFE_TEMPERATURE,TEMPERATURE,2,1.052541,Correct thermal operating condition,2.913000,2.913000,TEMPERATURE,1,0.131323,6.335228,1,20.776720,6.335228
135,DEMO_MOSFET_02,MOSFET,29.312000,0.176037,5.159997,20.000000,14.840003,74.200017,39.910000,25.000000,168.909914,175.000000,6.090086,CRITICAL,LOW_MARGIN,3,0.965200,Monitor / investigate,5.403600,5.403600,TEMPERATURE,1,0.184348,0.000000,1,30.695820,0.000000
136,DEMO_BJT_01,BJT,5.668000,0.166460,0.943495,10.000000,9.056505,90.565047,17.060000,50.000000,64.234764,150.000000,85.765236,SAFE,NONE,4,0.428232,No immediate action,2.658800,2.658800,TEMPERATURE,1,0.469090,0.000000,1,15.972606,0.000000
137,DEMO_MOSFET_01,MOSFET,20.934000,0.144755,3.030301,10.000000,6.969699,69.696988,26.520000,40.000000,147.732047,150.000000,2.267953,CRITICAL,LOW_MARGIN,3,0.984880,Monitor / investigate,3.087000,3.087000,TEMPERATURE,1,0.147463,0.000000,1,21.325688,0.000000
138,DEMO_MOSFET_02,MOSFET,48.962000,0.176657,8.649480,20.000000,11.350520,56.752600,16.150000,25.000000,232.387001,175.000000,-57.387001,NOT_SAFE_TEMPERATURE,TEMPERATURE,2,1.327926,Correct thermal operating condition,6.354000,6.354000,TEMPERATURE,1,0.129774,26.538937,1,35.968006,26.538937
139,DEMO_BJT_01,BJT,2.383000,1.072386,2.555496,10.000000,7.444504,74.445042,43.390000,50.000000,171.164792,150.000000,-21.164792,NOT_SAFE_TEMPERATURE,TEMPERATURE,2,1.141099,Correct thermal operating condition,2.132200,2.132200,TEMPERATURE,1,0.894755,16.564137,1,1.988277,16.564137
140,DEMO_MOSFET_01,MOSFET,34.132000,0.100366,3.425692,10.000000,6.574308,65.743077,31.320000,40.000000,168.347692,150.000000,-18.347692,NOT_SAFE_TEMPERATURE,TEMPERATURE,2,1.122318,Correct thermal operating condition,2.967000,2.967000,TEMPERATURE,1,0.086927,13.389770,1,29.561804,13.389770
141,DEMO_MOSFET_02,MOSFET,40.624000,0.114697,4.659451,20.000000,15.340549,76.702745,19.540000,25.000000,136.026273,175.000000,38.973727,SAFE,NONE,4,0.777293,No immediate action,6.218400,6.218400,TEMPERATURE,1,0.153072,0.000000,1,54.215891,0.000000
142,DEMO_BJT_01,BJT,10.172000,0.383948,3.905519,10.000000,6.094481,60.944809,21.160000,50.000000,216.435953,150.000000,-66.435953,NOT_SAFE_TEMPERATURE,TEMPERATURE,2,1.442906,Correct thermal operating condition,2.576800,2.576800,TEMPERATURE,1,0.253323,34.021574,1,6.711325,34.021574
143,DEMO_MOSFET_01,MOSFET,20.852000,0.056456,1.177221,10.000000,8.822779,88.227795,43.220000,40.000000,90.308820,150.000000,59.691180,SAFE,NONE,4,0.602059,No immediate action,2.669500,2.669500,TEMPERATURE,1,0.128021,0.000000,1,47.284611,0.000000
144,DEMO_MOSFET_02,MOSFET,12.955000,0.202566,2.624243,20.000000,17.375757,86.878787,33.890000,25.000000,99.496063,175.000000,75.503937,SAFE,NONE,4,0.568549,No immediate action,5.644400,5.644400,TEMPERATURE,1,0.435693,0.000000,1,27.864498,0.000000
145,DEMO_BJT_01,BJT,22.896000,0.060932,1.395099,10.000000,8.604901,86.049009,22.620000,50.000000,92.374954,150.000000,57.625046,SAFE,NONE,4,0.615833,No immediate action,2.547600,2.547600,TEMPERATURE,1,0.111268,0.000000,1,41.810543,0.000000
146,DEMO_MOSFET_01,MOSFET,31.589000,0.024655,0.778827,10.000000,9.221173,92.211732,20.460000,40.000000,51.613072,150.000000,98.386928,SAFE,NONE,4,0.344087,No immediate action,3.238500,3.238500,TEMPERATURE,1,0.102520,0.000000,1,131.352667,0.000000
147,DEMO_MOSFET_02,MOSFET,48.324000,0.126368,6.106607,20.000000,13.893393,69.466964,49.180000,25.000000,201.845181,175.000000,-26.845181,NOT_SAFE_TEMPERATURE,TEMPERATURE,2,1.153401,Correct thermal operating condition,5.032800,5.032800,TEMPERATURE,1,0.104147,17.584351,1,39.826538,17.584351
148,DEMO_BJT_01,BJT,22.329000,0.102457,2.287762,10.000000,7.712238,77.122376,25.690000,50.000000,140.078118,150.000000,9.921882,CRITICAL,LOW_MARGIN,3,0.933854,Monitor / investigate,2.486200,2.486200,TEMPERATURE,1,0.111344,0.000000,1,24.265790,0.000000
149,DEMO_MOSFET_01,MOSFET,27.418000,0.088903,2.437542,10.000000,7.562458,75.624575,48.500000,40.000000,146.001698,150.000000,3.998302,CRITICAL,LOW_MARGIN,3,0.973345,Monitor / investigate,2.537500,2.537500,TEMPERATURE,1,0.092549,0.000000,1,28.542344,0.000000
150,DEMO_MOSFET_02,MOSFET,31.639000,0.200970,6.358490,20.000000,13.641510,68.207551,49.610000,25.000000,208.572246,175.000000,-33.572246,NOT_SAFE_TEMPERATURE,TEMPERATURE,2,1.191841,Correct thermal operating condition,5.015600,5.015600,TEMPERATURE,1,0.158526,21.119635,1,24.956959,21.119635
151,DEMO_BJT_01,BJT,12.562000,0.124487,1.563806,10.000000,8.436194,84.361943,28.300000,50.000000,106.490285,150.000000,43.509715,SAFE,NONE,4,0.709935,No immediate action,2.434000,2.434000,TEMPERATURE,1,0.193759,0.000000,1,19.552242,0.000000
152,DEMO_MOSFET_01,MOSFET,39.289000,0.043783,1.720190,10.000000,8.279810,82.798097,52.310000,40.000000,121.117611,150.000000,28.882389,SAFE,NONE,4,0.807451,No immediate action,2.442250,2.442250,TEMPERATURE,1,0.062161,0.000000,1,55.780782,0.000000
153,DEMO_MOSFET_02,MOSFET,52.081000,0.142740,7.434042,20.000000,12.565958,62.829790,24.550000,25.000000,210.401049,175.000000,-35.401049,NOT_SAFE_TEMPERATURE,TEMPERATURE,2,1.202292,Correct thermal operating condition,6.018000,6.018000,TEMPERATURE,1,0.115551,19.048076,1,42.160572,19.048076
154,DEMO_BJT_01,BJT,15.243000,0.146588,2.234441,10.000000,7.765559,77.655591,31.430000,50.000000,143.152044,150.000000,6.847956,CRITICAL,LOW_MARGIN,3,0.954347,Monitor / investigate,2.371400,2.371400,TEMPERATURE,1,0.155573,0.000000,1,16.177313,0.000000
155,DEMO_MOSFET_01,MOSFET,39.571000,0.076789,3.038618,10.000000,6.961382,69.613825,51.540000,40.000000,173.084701,150.000000,-23.084701,NOT_SAFE_TEMPERATURE,TEMPERATURE,2,1.153898,Correct thermal operating condition,2.461500,2.461500,TEMPERATURE,1,0.062205,18.992766,1,32.055373,18.992766
156,DEMO_MOSFET_02,MOSFET,13.366000,0.527021,7.044163,20.000000,12.955837,64.779187,46.700000,25.000000,222.804067,175.000000,-47.804067,NOT_SAFE_TEMPERATURE,TEMPERATURE,2,1.273166,Correct thermal operating condition,5.132000,5.132000,TEMPERATURE,1,0.383959,27.145351,1,9.737752,27.145351
157,DEMO_BJT_01,BJT,29.030000,0.073352,2.129409,10.000000,7.870591,78.705914,53.590000,50.000000,160.060428,150.000000,-10.060428,NOT_SAFE_TEMPERATURE,TEMPERATURE,2,1.067070,Correct thermal operating condition,1.928200,1.928200,TEMPERATURE,1,0.066421,9.449035,1,26.286945,9.449035
158,DEMO_MOSFET_01,MOSFET,34.266000,0.022930,0.785719,10.000000,9.214281,92.142806,28.280000,40.000000,59.708775,150.000000,90.291225,SAFE,NONE,4,0.398059,No immediate action,3.043000,3.043000,TEMPERATURE,1,0.088805,0.000000,1,132.708242,0.000000
159,DEMO_MOSFET_02,MOSFET,5.844000,1.606347,9.387492,20.000000,10.612508,53.062541,18.990000,25.000000,253.677297,175.000000,-78.677297,NOT_SAFE_TEMPERATURE,TEMPERATURE,2,1.449585,Correct thermal operating condition,6.240400,6.240400,TEMPERATURE,1,1.067830,33.524310,1,3.884839,33.524310
160,DEMO_BJT_01,BJT,29.159000,0.062505,1.822583,10.000000,8.177417,81.774167,20.770000,50.000000,111.899165,150.000000,38.100835,SAFE,NONE,4,0.745994,No immediate action,2.584600,2.584600,TEMPERATURE,1,0.088638,0.000000,1,41.350292,0.000000
161,DEMO_MOSFET_01,MOSFET,12.806000,0.168357,2.155980,10.000000,7.844020,78.440203,17.990000,40.000000,104.229190,150.000000,45.770810,SAFE,NONE,4,0.694861,No immediate action,3.300250,3.300250,TEMPERATURE,1,0.257711,0.000000,1,19.602690,0.000000
162,DEMO_MOSFET_02,MOSFET,9.417000,0.543772,5.120701,20.000000,14.879299,74.396495,39.930000,25.000000,167.947523,175.000000,7.052477,CRITICAL,LOW_MARGIN,3,0.959700,Monitor / investigate,5.402800,5.402800,TEMPERATURE,1,0.573728,0.000000,1,9.935782,0.000000
163,DEMO_BJT_01,BJT,16.941000,0.139139,2.357154,10.000000,7.642846,76.428462,28.140000,50.000000,145.997690,150.000000,4.002310,CRITICAL,LOW_MARGIN,3,0.973318,Monitor / investigate,2.437200,2.437200,TEMPERATURE,1,0.143864,0.000000,1,17.516297,0.000000
164,DEMO_MOSFET_01,MOSFET,35.835000,0.065115,2.333396,10.000000,7.666604,76.666040,53.170000,40.000000,146.505841,150.000000,3.494159,CRITICAL,LOW_MARGIN,3,0.976706,Monitor / investigate,2.420750,2.420750,TEMPERATURE,1,0.067553,0.000000,1,37.176534,0.000000
165,DEMO_MOSFET_02,MOSFET,38.960000,0.189796,7.394452,20.000000,12.605548,63.027739,34.520000,25.000000,219.381304,175.000000,-44.381304,NOT_SAFE_TEMPERATURE,TEMPERATURE,2,1.253607,Correct thermal operating condition,5.619200,5.619200,TEMPERATURE,1,0.144230,24.007893,1,29.606525,24.007893
166,DEMO_BJT_01,BJT,10.047000,0.347334,3.489665,10.000000,6.510335,65.103353,24.390000,50.000000,198.873235,150.000000,-48.873235,NOT_SAFE_TEMPERATURE,TEMPERATURE,2,1.325822,Correct thermal operating condition,2.512200,2.512200,TEMPERATURE,1,0.250045,28.010276,1,7.232808,28.010276
167,DEMO_MOSFET_01,MOSFET,39.198000,0.020269,0.794504,10.000000,9.205496,92.054957,24.100000,40.000000,55.880170,150.000000,94.119830,SAFE,NONE,4,0.372534,No immediate action,3.147500,3.147500,TEMPERATURE,1,0.080297,0.000000,1,155.286398,0.000000
168,DEMO_MOSFET_02,MOSFET,10.528000,0.299475,3.152873,20.000000,16.847127,84.235636,45.410000,25.000000,124.231820,175.000000,50.768180,SAFE,NONE,4,0.709896,No immediate action,5.183600,5.183600,TEMPERATURE,1,0.492363,0.000000,1,17.308957,0.000000
169,DEMO_BJT_01,BJT,2.811000,1.089343,3.062143,10.000000,6.937857,69.378568,21.650000,50.000000,174.757159,150.000000,-24.757159,NOT_SAFE_TEMPERATURE,TEMPERATURE,2,1.165048,Correct thermal operating condition,2.567000,2.567000,TEMPERATURE,1,0.913198,16.169824,1,2.356466,16.169824
170,DEMO_MOSFET_01,MOSFET,16.263000,0.200451,3.259935,10.000000,6.740065,67.400654,27.970000,40.000000,158.367385,150.000000,-8.367385,NOT_SAFE_TEMPERATURE,TEMPERATURE,2,1.055783,Correct thermal operating condition,3.050750,3.050750,TEMPERATURE,1,0.187588,6.416835,1,15.219430,6.416835
171,DEMO_MOSFET_02,MOSFET,27.663000,0.070529,1.951044,20.000000,18.048956,90.244781,32.230000,25.000000,81.006093,175.000000,93.993907,SAFE,NONE,4,0.462892,No immediate action,5.710800,5.710800,TEMPERATURE,1,0.206442,0.000000,1,80.970948,0.000000
172,DEMO_BJT_01,BJT,6.902000,0.095034,0.655925,10.000000,9.344075,93.440753,42.270000,50.000000,75.066233,150.000000,74.933767,SAFE,NONE,4,0.500442,No immediate action,2.154600,2.154600,TEMPERATURE,1,0.312170,0.000000,1,22.671886,0.000000
173,DEMO_MOSFET_01,MOSFET,28.276000,0.120798,3.415684,10.000000,6.584316,65.843158,39.380000,40.000000,176.007370,150.000000,-26.007370,NOT_SAFE_TEMPERATURE,TEMPERATURE,2,1.173382,Correct thermal operating condition,2.765500,2.765500,TEMPERATURE,1,0.097804,19.035256,1,22.893591,19.035256
174,DEMO_MOSFET_02,MOSFET,17.770000,0.169727,3.016049,20.000000,16.983951,84.919756,34.910000,25.000000,110.311220,175.000000,64.688780,SAFE,NONE,4,0.630350,No immediate action,5.603600,5.603600,TEMPERATURE,1,0.315340,0.000000,1,33.015372,0.000000
175,DEMO_BJT_01,BJT,20.672000,0.049420,1.021610,10.000000,8.978390,89.783898,40.520000,50.000000,91.600512,150.000000,58.399488,SAFE,NONE,4,0.610670,No immediate action,2.189600,2.189600,TEMPERATURE,1,0.105921,0.000000,1,44.305949,0.000000
176,DEMO_MOSFET_01,MOSFET,13.642000,0.085277,1.163349,10.000000,8.836651,88.366512,50.960000,40.000000,97.493953,150.000000,52.506047,SAFE,NONE,4,0.649960,No immediate action,2.476000,2.476000,TEMPERATURE,1,0.181498,0.000000,1,29.034792,0.000000
177,DEMO_MOSFET_02,MOSFET,56.988000,0.089703,5.111995,20.000000,14.888005,74.440027,36.860000,25.000000,164.659864,175.000000,10.340136,SAFE,NONE,4,0.940914,No immediate action,5.525600,5.525600,TEMPERATURE,1,0.096961,0.000000,1,61.598832,0.000000
178,DEMO_BJT_01,BJT,28.937000,0.024652,0.713355,10.000000,9.286645,92.866451,54.510000,50.000000,90.177746,150.000000,59.822254,SAFE,NONE,4,0.601185,No immediate action,1.909800,1.909800,TEMPERATURE,1,0.065999,0.000000,1,77.470388,0.000000
179,DEMO_MOSFET_01,MOSFET,14.179000,0.241039,3.417692,10.000000,6.582308,65.823080,42.610000,40.000000,179.317679,150.000000,-29.317679,NOT_SAFE_TEMPERATURE,TEMPERATURE,2,1.195451,Correct thermal operating condition,2.684750,2.684750,TEMPERATURE,1,0.189347,21.445525,1,11.138239,21.445525
180,DEMO_MOSFET_02,MOSFET,10.866000,0.651803,7.082491,20.000000,12.917509,64.587543,54.970000,25.000000,232.032285,175.000000,-57.032285,NOT_SAFE_TEMPERATURE,TEMPERATURE,2,1.325899,Correct thermal operating condition,4.801200,4.801200,TEMPERATURE,1,0.441855,32.210295,1,7.366029,32.210295
181,DEMO_BJT_01,BJT,10.284000,0.220089,2.263395,10.000000,7.736605,77.366047,30.250000,50.000000,143.419764,150.000000,6.580236,CRITICAL,LOW_MARGIN,3,0.956132,Monitor / investigate,2.395000,2.395000,TEMPERATURE,1,0.232886,0.000000,1,10.881961,0.000000
182,DEMO_MOSFET_01,MOSFET,33.711000,0.016884,0.569177,10.000000,9.430823,94.308235,42.970000,40.000000,65.737061,150.000000,84.262939,SAFE,NONE,4,0.438247,No immediate action,2.675750,2.675750,TEMPERATURE,1,0.079373,0.000000,1,158.478441,0.000000
183,DEMO_MOSFET_02,MOSFET,52.579000,0.022451,1.180451,20.000000,18.819549,94.097744,30.830000,25.000000,60.341278,175.000000,114.658722,SAFE,NONE,4,0.344807,No immediate action,5.766800,5.766800,TEMPERATURE,1,0.109679,0.000000,1,256.861610,0.000000
184,DEMO_BJT_01,BJT,27.497000,0.116082,3.191907,10.000000,6.808093,68.080932,46.130000,50.000000,205.725338,150.000000,-55.725338,NOT_SAFE_TEMPERATURE,TEMPERATURE,2,1.371502,Correct thermal operating condition,2.077400,2.077400,TEMPERATURE,1,0.075550,34.916645,1,17.895970,34.916645
185,DEMO_MOSFET_01,MOSFET,36.409000,0.105800,3.852072,10.000000,6.147928,61.479278,44.810000,40.000000,198.892888,150.000000,-48.892888,NOT_SAFE_TEMPERATURE,TEMPERATURE,2,1.325953,Correct thermal operating condition,2.629750,2.629750,TEMPERATURE,1,0.072228,31.731550,1,24.855860,31.731550
186,DEMO_MOSFET_02,MOSFET,49.106000,0.035032,1.720281,20.000000,18.279719,91.398593,46.030000,25.000000,89.037035,175.000000,85.962965,SAFE,NONE,4,0.508783,No immediate action,5.158800,5.158800,TEMPERATURE,1,0.105054,0.000000,1,147.259648,0.000000
187,DEMO_BJT_01,BJT,9.018000,0.086873,0.783421,10.000000,9.216579,92.165793,23.760000,50.000000,62.931036,150.000000,87.068964,SAFE,NONE,4,0.419540,No immediate action,2.524800,2.524800,TEMPERATURE,1,0.279973,0.000000,1,29.063115,0.000000
188,DEMO_MOSFET_01,MOSFET,28.192000,0.132999,3.749508,10.000000,6.250492,62.504922,45.220000,40.000000,195.200312,150.000000,-45.200312,NOT_SAFE_TEMPERATURE,TEMPERATURE,2,1.301335,Correct thermal operating condition,2.619500,2.619500,TEMPERATURE,1,0.092916,30.137497,1,19.695637,30.137497
189,DEMO_MOSFET_02,MOSFET,39.510000,0.040105,1.584549,20.000000,18.415451,92.077257,20.470000,25.000000,60.083714,175.000000,114.916286,SAFE,NONE,4,0.343336,No immediate action,6.181200,6.181200,TEMPERATURE,1,0.156446,0.000000,1,154.125421,0.000000
190,DEMO_BJT_01,BJT,2.934000,0.597855,1.754107,10.000000,8.245893,82.458934,16.580000,50.000000,104.285329,150.000000,45.714671,SAFE,NONE,4,0.695236,No immediate action,2.668400,2.668400,TEMPERATURE,1,0.909475,0.000000,1,4.463290,0.000000
191,DEMO_MOSFET_01,MOSFET,36.656000,0.090906,3.332250,10.000000,6.667750,66.677497,29.590000,40.000000,162.880013,150.000000,-12.880013,NOT_SAFE_TEMPERATURE,TEMPERATURE,2,1.085867,Correct thermal operating condition,3.010250,3.010250,TEMPERATURE,1,0.082122,9.663150,1,33.113876,9.663150
192,DEMO_MOSFET_02,MOSFET,16.044000,0.347676,5.578114,20.000000,14.421886,72.109431,28.070000,25.000000,167.522844,175.000000,7.477156,CRITICAL,LOW_MARGIN,3,0.957273,Monitor / investigate,5.877200,5.877200,TEMPERATURE,1,0.366318,0.000000,1,16.904244,0.000000
193,DEMO_BJT_01,BJT,12.244000,0.251491,3.079256,10.000000,6.920744,69.207442,46.460000,50.000000,200.422790,150.000000,-50.422790,NOT_SAFE_TEMPERATURE,TEMPERATURE,2,1.336152,Correct thermal operating condition,2.070800,2.070800,TEMPERATURE,1,0.169128,32.749985,1,8.234092,32.749985
194,DEMO_MOSFET_01,MOSFET,9.088000,0.372736,3.387425,10.000000,6.612575,66.125752,35.070000,40.000000,170.566991,150.000000,-20.566991,NOT_SAFE_TEMPERATURE,TEMPERATURE,2,1.137113,Correct thermal operating condition,2.873250,2.873250,TEMPERATURE,1,0.316159,15.178928,1,7.708539,15.178928
195,DEMO_MOSFET_02,MOSFET,58.206000,0.063420,3.691425,20.000000,16.308575,81.542877,51.560000,25.000000,143.845613,175.000000,31.154387,SAFE,NONE,4,0.821975,No immediate action,4.937600,4.937600,TEMPERATURE,1,0.084830,0.000000,1,77.855566,0.000000
196,DEMO_BJT_01,BJT,24.519000,0.098574,2.416936,10.000000,7.583064,75.830641,26.810000,50.000000,147.656795,150.000000,2.343205,CRITICAL,LOW_MARGIN,3,0.984379,Monitor / investigate,2.463800,2.463800,TEMPERATURE,1,0.100485,0.000000,1,24.994420,0.000000
197,DEMO_MOSFET_01,MOSFET,30.904000,0.022919,0.708289,10.000000,9.291711,92.917112,33.730000,40.000000,62.061551,150.000000,87.938449,SAFE,NONE,4,0.413744,No immediate action,2.906750,2.906750,TEMPERATURE,1,0.094057,0.000000,1,126.827087,0.000000
198,DEMO_MOSFET_02,MOSFET,42.092000,0.084973,3.576684,20.000000,16.423316,82.116582,24.020000,25.000000,113.437088,175.000000,61.562912,SAFE,NONE,4,0.648212,No immediate action,6.039200,6.039200,TEMPERATURE,1,0.143476,0.000000,1,71.071988,0.000000
199,DEMO_BJT_01,BJT,17.605000,0.093435,1.644923,10.000000,8.355077,83.550768,30.900000,50.000000,113.146159,150.000000,36.853841,SAFE,NONE,4,0.754308,No immediate action,2.382000,2.382000,TEMPERATURE,1,0.135302,0.000000,1,25.493659,0.000000
200,DEMO_MOSFET_01,MOSFET,12.785000,0.318896,4.077085,10.000000,5.922915,59.229146,18.610000,40.000000,181.693414,150.000000,-31.693414,NOT_SAFE_TEMPERATURE,TEMPERATURE,2,1.211289,Correct thermal operating condition,3.284750,3.284750,TEMPERATURE,1,0.256922,19.433867,1,10.300380,19.433867
201,DEMO_MOSFET_02,MOSFET,46.196000,0.126984,5.866153,20.000000,14.133847,70.669236,19.940000,25.000000,166.593822,175.000000,8.406178,CRITICAL,LOW_MARGIN,3,0.951965,Monitor / investigate,6.202400,6.202400,TEMPERATURE,1,0.134263,0.000000,1,48.843949,0.000000
202,DEMO_BJT_01,BJT,19.879000,0.118589,2.357431,10.000000,7.642569,76.425693,25.490000,50.000000,143.361537,150.000000,6.638463,CRITICAL,LOW_MARGIN,3,0.955744,Monitor / investigate,2.490200,2.490200,TEMPERATURE,1,0.125268,0.000000,1,20.998575,0.000000
203,DEMO_MOSFET_01,MOSFET,20.445000,0.203348,4.157450,10.000000,5.842550,58.425501,29.860000,40.000000,196.157994,150.000000,-46.157994,NOT_SAFE_TEMPERATURE,TEMPERATURE,2,1.307720,Correct thermal operating condition,3.003500,3.003500,TEMPERATURE,1,0.146906,27.756194,1,14.770246,27.756194
204,DEMO_MOSFET_02,MOSFET,23.040000,0.357059,8.226639,20.000000,11.773361,58.866803,39.780000,25.000000,245.445984,175.000000,-70.445984,NOT_SAFE_TEMPERATURE,TEMPERATURE,2,1.402548,Correct thermal operating condition,5.408800,5.408800,TEMPERATURE,1,0.234757,34.252618,1,15.148197,34.252618
205,DEMO_BJT_01,BJT,19.791000,0.107889,2.135231,10.000000,7.864769,78.647688,39.400000,50.000000,146.161560,150.000000,3.838440,CRITICAL,LOW_MARGIN,3,0.974410,Monitor / investigate,2.212000,2.212000,TEMPERATURE,1,0.111768,0.000000,1,20.502554,0.000000
206,DEMO_MOSFET_01,MOSFET,27.022000,0.150541,4.067919,10.000000,5.932081,59.320811,33.570000,40.000000,196.286756,150.000000,-46.286756,NOT_SAFE_TEMPERATURE,TEMPERATURE,2,1.308578,Correct thermal operating condition,2.910750,2.910750,TEMPERATURE,1,0.107718,28.446214,1,19.335264,28.446214
207,DEMO_MOSFET_02,MOSFET,7.047000,0.199538,1.406144,20.000000,18.593856,92.969279,19.670000,25.000000,54.823607,175.000000,120.176393,SAFE,NONE,4,0.313278,No immediate action,6.213200,6.213200,TEMPERATURE,1,0.881680,0.000000,1,31.137929,0.000000
208,DEMO_BJT_01,BJT,8.574000,0.059344,0.508815,10.000000,9.491185,94.911845,54.840000,50.000000,80.280773,150.000000,69.719227,SAFE,NONE,4,0.535205,No immediate action,1.903200,1.903200,TEMPERATURE,1,0.221973,0.000000,1,32.070639,0.000000
209,DEMO_MOSFET_01,MOSFET,16.727000,0.072163,1.207071,10.000000,8.792929,87.929295,36.500000,40.000000,84.782820,150.000000,65.217180,SAFE,NONE,4,0.565219,No immediate action,2.837500,2.837500,TEMPERATURE,1,0.169636,0.000000,1,39.320705,0.000000
210,DEMO_MOSFET_02,MOSFET,34.711000,0.084929,2.947971,20.000000,17.052029,85.260147,52.980000,25.000000,126.679263,175.000000,48.320737,SAFE,NONE,4,0.723882,No immediate action,4.880800,4.880800,TEMPERATURE,1,0.140612,0.000000,1,57.469180,0.000000
211,DEMO_BJT_01,BJT,26.792000,0.117415,3.145783,10.000000,6.854217,68.542173,38.490000,50.000000,195.779134,150.000000,-45.779134,NOT_SAFE_TEMPERATURE,TEMPERATURE,2,1.305194,Correct thermal operating condition,2.230200,2.230200,TEMPERATURE,1,0.083241,29.105084,1,18.994166,29.105084
212,DEMO_MOSFET_01,MOSFET,25.779000,0.154598,3.985382,10.000000,6.014618,60.146182,41.200000,40.000000,200.615274,150.000000,-50.615274,NOT_SAFE_TEMPERATURE,TEMPERATURE,2,1.337435,Correct thermal operating condition,2.720000,2.720000,TEMPERATURE,1,0.105512,31.750580,1,17.594018,31.750580
213,DEMO_MOSFET_02,MOSFET,42.965000,0.134809,5.792069,20.000000,14.207931,71.039657,52.560000,25.000000,197.361717,175.000000,-22.361717,NOT_SAFE_TEMPERATURE,TEMPERATURE,2,1.127781,Correct thermal operating condition,4.897600,4.897600,TEMPERATURE,1,0.113990,15.442992,1,36.329919,15.442992
214,DEMO_BJT_01,BJT,8.611000,0.279025,2.402684,10.000000,7.597316,75.973157,23.690000,50.000000,143.824214,150.000000,6.175786,CRITICAL,LOW_MARGIN,3,0.958828,Monitor / investigate,2.526200,2.526200,TEMPERATURE,1,0.293369,0.000000,1,9.053669,0.000000
215,DEMO_MOSFET_01,MOSFET,16.591000,0.279650,4.639673,10.000000,5.360327,53.603268,29.510000,40.000000,215.096926,150.000000,-65.096926,NOT_SAFE_TEMPERATURE,TEMPERATURE,2,1.433980,Correct thermal operating condition,3.012250,3.012250,TEMPERATURE,1,0.181559,35.076246,1,10.771500,35.076246
216,DEMO_MOSFET_02,MOSFET,8.330000,0.814602,6.785635,20.000000,13.214365,66.071827,51.070000,25.000000,220.710867,175.000000,-45.710867,NOT_SAFE_TEMPERATURE,TEMPERATURE,2,1.261205,Correct thermal operating condition,4.957200,4.957200,TEMPERATURE,1,0.595102,26.945669,1,6.085426,26.945669
217,DEMO_BJT_01,BJT,28.572000,0.085712,2.448963,10.000000,7.551037,75.510367,26.040000,50.000000,148.488163,150.000000,1.511837,CRITICAL,LOW_MARGIN,3,0.989921,Monitor / investigate,2.479200,2.479200,TEMPERATURE,1,0.086770,0.000000,1,28.924771,0.000000
218,DEMO_MOSFET_01,MOSFET,10.848000,0.255542,2.772120,10.000000,7.227880,72.278804,47.970000,40.000000,158.854785,150.000000,-8.854785,NOT_SAFE_TEMPERATURE,TEMPERATURE,2,1.059032,Correct thermal operating condition,2.550750,2.550750,TEMPERATURE,1,0.235136,7.985572,1,9.981725,7.985572
219,DEMO_MOSFET_02,MOSFET,7.782000,1.060779,8.254982,20.000000,11.745018,58.725089,40.580000,25.000000,246.954554,175.000000,-71.954554,NOT_SAFE_TEMPERATURE,TEMPERATURE,2,1.411169,Correct thermal operating condition,5.376800,5.376800,TEMPERATURE,1,0.690928,34.866001,1,5.068728,34.866001
220,DEMO_BJT_01,BJT,24.035000,0.078306,1.882085,10.000000,8.117915,81.179153,28.340000,50.000000,122.444236,150.000000,27.555764,SAFE,NONE,4,0.816295,No immediate action,2.433200,2.433200,TEMPERATURE,1,0.101236,0.000000,1,31.072970,0.000000
221,DEMO_MOSFET_01,MOSFET,23.506000,0.091874,2.159590,10.000000,7.840410,78.404098,23.210000,40.000000,109.593610,150.000000,40.406390,SAFE,NONE,4,0.730624,No immediate action,3.169750,3.169750,TEMPERATURE,1,0.134849,0.000000,1,34.501056,0.000000
222,DEMO_MOSFET_02,MOSFET,17.815000,0.445976,7.945062,20.000000,12.054938,60.274688,38.460000,25.000000,237.086561,175.000000,-62.086561,NOT_SAFE_TEMPERATURE,TEMPERATURE,2,1.354780,Correct thermal operating condition,5.461600,5.461600,TEMPERATURE,1,0.306573,31.257935,1,12.246399,31.257935
223,DEMO_BJT_01,BJT,18.687000,0.073191,1.367720,10.000000,8.632280,86.322798,45.970000,50.000000,114.356011,150.000000,35.643989,SAFE,NONE,4,0.762373,No immediate action,2.080600,2.080600,TEMPERATURE,1,0.111339,0.000000,1,28.426992,0.000000
224,DEMO_MOSFET_01,MOSFET,39.539000,0.120800,4.776311,10.000000,5.223689,52.236888,26.090000,40.000000,217.142448,150.000000,-67.142448,NOT_SAFE_TEMPERATURE,TEMPERATURE,2,1.447616,Correct thermal operating condition,3.097750,3.097750,TEMPERATURE,1,0.078347,35.143464,1,25.643626,35.143464
225,DEMO_MOSFET_02,MOSFET,11.046000,0.332330,3.670917,20.000000,16.329083,81.645414,36.610000,25.000000,128.382929,175.000000,46.617071,SAFE,NONE,4,0.733617,No immediate action,5.535600,5.535600,TEMPERATURE,1,0.501141,0.000000,1,16.656937,0.000000
226,DEMO_BJT_01,BJT,12.031000,0.184694,2.222054,10.000000,7.777946,77.779465,49.660000,50.000000,160.762676,150.000000,-10.762676,NOT_SAFE_TEMPERATURE,TEMPERATURE,2,1.071751,Correct thermal operating condition,2.006800,2.006800,TEMPERATURE,1,0.166802,9.687144,1,10.865540,9.687144
227,DEMO_MOSFET_01,MOSFET,3.584000,0.390836,1.400756,10.000000,8.599244,85.992438,46.540000,40.000000,102.570249,150.000000,47.429751,SAFE,NONE,4,0.683802,No immediate action,2.586500,2.586500,TEMPERATURE,1,0.721680,0.000000,1,6.617865,0.000000
228,DEMO_MOSFET_02,MOSFET,28.153000,0.234460,6.600752,20.000000,13.399248,66.996238,25.610000,25.000000,190.628809,175.000000,-15.628809,NOT_SAFE_TEMPERATURE,TEMPERATURE,2,1.089307,Correct thermal operating condition,5.975600,5.975600,TEMPERATURE,1,0.212254,9.470926,1,25.486650,9.470926
229,DEMO_BJT_01,BJT,14.552000,0.042469,0.618009,10.000000,9.381991,93.819911,19.550000,50.000000,50.450444,150.000000,99.549556,SAFE,NONE,4,0.336336,No immediate action,2.609000,2.609000,TEMPERATURE,1,0.179288,0.000000,1,61.433045,0.000000
230,DEMO_MOSFET_01,MOSFET,19.724000,0.205114,4.045669,10.000000,5.954331,59.543315,29.480000,40.000000,191.306741,150.000000,-41.306741,NOT_SAFE_TEMPERATURE,TEMPERATURE,2,1.275378,Correct thermal operating condition,3.013000,3.013000,TEMPERATURE,1,0.152758,25.525288,1,14.689392,25.525288
231,DEMO_MOSFET_02,MOSFET,44.998000,0.181870,8.183786,20.000000,11.816214,59.081069,23.860000,25.000000,228.454656,175.000000,-53.454656,NOT_SAFE_TEMPERATURE,TEMPERATURE,2,1.305455,Correct thermal operating condition,6.045600,6.045600,TEMPERATURE,1,0.134353,26.127103,1,33.241326,26.127103
232,DEMO_BJT_01,BJT,10.446000,0.259910,2.715020,10.000000,7.284980,72.849801,51.350000,50.000000,187.100993,150.000000,-37.100993,NOT_SAFE_TEMPERATURE,TEMPERATURE,2,1.247340,Correct thermal operating condition,1.973000,1.973000,TEMPERATURE,1,0.188876,27.330182,1,7.591089,27.330182
233,DEMO_MOSFET_01,MOSFET,39.948000,0.014912,0.595705,10.000000,9.404295,94.042954,40.730000,40.000000,64.558183,150.000000,85.441817,SAFE,NONE,4,0.430388,No immediate action,2.731750,2.731750,TEMPERATURE,1,0.068383,0.000000,1,183.191389,0.000000
234,DEMO_MOSFET_02,MOSFET,10.938000,0.579885,6.342782,20.000000,13.657218,68.286089,48.890000,25.000000,207.459553,175.000000,-32.459553,NOT_SAFE_TEMPERATURE,TEMPERATURE,2,1.185483,Correct thermal operating condition,5.044400,5.044400,TEMPERATURE,1,0.461181,20.470231,1,8.698966,20.470231
235,DEMO_BJT_01,BJT,27.179000,0.035836,0.973987,10.000000,9.026013,90.260134,43.500000,50.000000,92.199332,150.000000,57.800668,SAFE,NONE,4,0.614662,No immediate action,2.130000,2.130000,TEMPERATURE,1,0.078369,0.000000,1,59.437437,0.000000
236,DEMO_MOSFET_01,MOSFET,7.669000,0.444115,3.405918,10.000000,6.594082,65.940821,27.880000,40.000000,164.116717,150.000000,-14.116717,NOT_SAFE_TEMPERATURE,TEMPERATURE,2,1.094111,Correct thermal operating condition,3.053000,3.053000,TEMPERATURE,1,0.398096,10.361904,1,6.874346,10.361904
237,DEMO_MOSFET_02,MOSFET,44.168000,0.065974,2.913940,20.000000,17.086060,85.430302,39.970000,25.000000,112.818491,175.000000,62.181509,SAFE,NONE,4,0.644677,No immediate action,5.401200,5.401200,TEMPERATURE,1,0.122288,0.000000,1,81.868615,0.000000
238,DEMO_BJT_01,BJT,10.257000,0.314011,3.220811,10.000000,6.779189,67.791892,30.240000,50.000000,191.280541,150.000000,-41.280541,NOT_SAFE_TEMPERATURE,TEMPERATURE,2,1.275204,Correct thermal operating condition,2.395200,2.395200,TEMPERATURE,1,0.233519,25.633633,1,7.627758,25.633633
239,DEMO_MOSFET_01,MOSFET,32.345000,0.039879,1.289886,10.000000,8.710114,87.101137,35.220000,40.000000,86.815450,150.000000,63.184550,SAFE,NONE,4,0.578770,No immediate action,2.869500,2.869500,TEMPERATURE,1,0.088715,0.000000,1,71.955164,0.000000
240,DEMO_MOSFET_02,MOSFET,53.274000,0.112710,6.004513,20.000000,13.995487,69.977437,19.580000,25.000000,169.692813,175.000000,5.307187,CRITICAL,LOW_MARGIN,3,0.969673,Monitor / investigate,6.216800,6.216800,TEMPERATURE,1,0.116695,0.000000,1,55.157484,0.000000
241,DEMO_BJT_01,BJT,14.042000,0.238313,3.346391,10.000000,6.653609,66.536089,37.050000,50.000000,204.369557,150.000000,-54.369557,NOT_SAFE_TEMPERATURE,TEMPERATURE,2,1.362464,Correct thermal operating condition,2.259000,2.259000,TEMPERATURE,1,0.160875,32.494442,1,9.479130,32.494442
242,DEMO_MOSFET_01,MOSFET,33.615000,0.032553,1.094269,10.000000,8.905731,89.057309,50.520000,40.000000,94.290764,150.000000,55.709236,SAFE,NONE,4,0.628605,No immediate action,2.487000,2.487000,TEMPERATURE,1,0.073985,0.000000,1,76.398489,0.000000
243,DEMO_MOSFET_02,MOSFET,22.190000,0.161817,3.590719,20.000000,16.409281,82.046404,30.950000,25.000000,120.717981,175.000000,54.282019,SAFE,NONE,4,0.689817,No immediate action,5.762000,5.762000,TEMPERATURE,1,0.259667,0.000000,1,35.608125,0.000000
244,DEMO_BJT_01,BJT,28.701000,0.029692,0.852190,10.000000,9.147810,91.478099,27.500000,50.000000,70.109505,150.000000,79.890495,SAFE,NONE,4,0.467397,No immediate action,2.450000,2.450000,TEMPERATURE,1,0.085363,0.000000,1,82.513808,0.000000
245,DEMO_MOSFET_01,MOSFET,6.375000,0.401920,2.562240,10.000000,7.437760,74.377600,42.470000,40.000000,144.959600,150.000000,5.040400,CRITICAL,LOW_MARGIN,3,0.966397,Monitor / investigate,2.688250,2.688250,TEMPERATURE,1,0.421686,0.000000,1,6.688520,0.000000
246,DEMO_MOSFET_02,MOSFET,45.952000,0.061403,2.821591,20.000000,17.178409,85.892047,18.410000,25.000000,88.949766,175.000000,86.050234,SAFE,NONE,4,0.508284,No immediate action,6.263600,6.263600,TEMPERATURE,1,0.136307,0.000000,1,102.008045,0.000000
247,DEMO_BJT_01,BJT,3.679000,0.179819,0.661554,10.000000,9.338446,93.384459,29.910000,50.000000,62.987705,150.000000,87.012295,SAFE,NONE,4,0.419918,No immediate action,2.401800,2.401800,TEMPERATURE,1,0.652840,0.000000,1,13.356764,0.000000
248,DEMO_MOSFET_01,MOSFET,27.790000,0.115431,3.207827,10.000000,6.792173,67.921725,53.260000,40.000000,181.573100,150.000000,-31.573100,NOT_SAFE_TEMPERATURE,TEMPERATURE,2,1.210487,Correct thermal operating condition,2.418500,2.418500,TEMPERATURE,1,0.087028,24.606295,1,20.951911,24.606295
249,DEMO_MOSFET_02,MOSFET,56.762000,0.071497,4.058313,20.000000,15.941687,79.708436,31.430000,25.000000,132.887818,175.000000,42.112182,SAFE,NONE,4,0.759359,No immediate action,5.742800,5.742800,TEMPERATURE,1,0.101173,0.000000,1,80.322251,0.000000
250,DEMO_BJT_01,BJT,3.440000,0.501909,1.726567,10.000000,8.273433,82.734330,31.920000,50.000000,118.248348,150.000000,31.751652,SAFE,NONE,4,0.788322,No immediate action,2.361600,2.361600,TEMPERATURE,1,0.686512,0.000000,1,4.705235,0.000000
251,DEMO_MOSFET_01,MOSFET,6.833000,0.425554,2.907810,10.000000,7.092190,70.921895,26.510000,40.000000,142.822419,150.000000,7.177581,CRITICAL,LOW_MARGIN,3,0.952149,Monitor / investigate,3.087250,3.087250,TEMPERATURE,1,0.451815,0.000000,1,7.254661,0.000000
252,DEMO_MOSFET_02,MOSFET,31.520000,0.198368,6.252559,20.000000,13.747441,68.737203,35.300000,25.000000,191.613984,175.000000,-16.613984,NOT_SAFE_TEMPERATURE,TEMPERATURE,2,1.094937,Correct thermal operating condition,5.588000,5.588000,TEMPERATURE,1,0.177284,10.628597,1,28.169866,10.628597
253,DEMO_BJT_01,BJT,17.575000,0.140204,2.464085,10.000000,7.535915,75.359147,48.890000,50.000000,172.094265,150.000000,-22.094265,NOT_SAFE_TEMPERATURE,TEMPERATURE,2,1.147295,Correct thermal operating condition,2.022200,2.022200,TEMPERATURE,1,0.115061,17.933036,1,14.423269,17.933036
254,DEMO_MOSFET_01,MOSFET,11.368000,0.338997,3.853718,10.000000,6.146282,61.462821,19.600000,40.000000,173.748716,150.000000,-23.748716,NOT_SAFE_TEMPERATURE,TEMPERATURE,2,1.158325,Correct thermal operating condition,3.260000,3.260000,TEMPERATURE,1,0.286770,15.406366,1,9.616604,15.406366
255,DEMO_MOSFET_02,MOSFET,47.209000,0.160490,7.576572,20.000000,12.423428,62.117138,32.160000,25.000000,221.574310,175.000000,-46.574310,NOT_SAFE_TEMPERATURE,TEMPERATURE,2,1.266139,Correct thermal operating condition,5.713600,5.713600,TEMPERATURE,1,0.121028,24.588591,1,35.600972,24.588591
256,DEMO_BJT_01,BJT,17.589000,0.074071,1.302835,10.000000,8.697165,86.971652,39.870000,50.000000,105.011741,150.000000,44.988259,SAFE,NONE,4,0.700078,No immediate action,2.202600,2.202600,TEMPERATURE,1,0.125226,0.000000,1,29.736334,0.000000
257,DEMO_MOSFET_01,MOSFET,28.658000,0.093239,2.672043,10.000000,7.327957,73.279567,39.360000,40.000000,146.241730,150.000000,3.758270,CRITICAL,LOW_MARGIN,3,0.974945,Monitor / investigate,2.766000,2.766000,TEMPERATURE,1,0.096518,0.000000,1,29.665698,0.000000
258,DEMO_MOSFET_02,MOSFET,46.933000,0.159662,7.493417,20.000000,12.506583,62.532917,16.160000,25.000000,203.495416,175.000000,-28.495416,NOT_SAFE_TEMPERATURE,TEMPERATURE,2,1.162831,Correct thermal operating condition,6.353600,6.353600,TEMPERATURE,1,0.135376,15.210907,1,39.794065,15.210907
259,DEMO_BJT_01,BJT,7.079000,0.111897,0.792119,10.000000,9.207881,92.078811,51.860000,50.000000,91.465943,150.000000,58.534057,SAFE,NONE,4,0.609773,No immediate action,1.962800,1.962800,TEMPERATURE,1,0.277271,0.000000,1,17.541132,0.000000
260,DEMO_MOSFET_01,MOSFET,5.575000,0.560019,3.122106,10.000000,6.877894,68.778941,20.730000,40.000000,145.614237,150.000000,4.385763,CRITICAL,LOW_MARGIN,3,0.970762,Monitor / investigate,3.231750,3.231750,TEMPERATURE,1,0.579686,0.000000,1,5.770786,0.000000
261,DEMO_MOSFET_02,MOSFET,10.047000,0.396352,3.982149,20.000000,16.017851,80.089257,44.640000,25.000000,144.193714,175.000000,30.806286,SAFE,NONE,4,0.823964,No immediate action,5.214400,5.214400,TEMPERATURE,1,0.519001,0.000000,1,13.155983,0.000000
262,DEMO_BJT_01,BJT,14.702000,0.190669,2.803216,10.000000,7.196784,71.967844,36.220000,50.000000,176.380782,150.000000,-26.380782,NOT_SAFE_TEMPERATURE,TEMPERATURE,2,1.175872,Correct thermal operating condition,2.275600,2.275600,TEMPERATURE,1,0.154782,18.821800,1,11.934819,18.821800
263,DEMO_MOSFET_01,MOSFET,15.002000,0.081661,1.225078,10.000000,8.774922,87.749217,21.300000,40.000000,70.303133,150.000000,79.696867,SAFE,NONE,4,0.468688,No immediate action,3.217500,3.217500,TEMPERATURE,1,0.214471,0.000000,1,39.400693,0.000000
264,DEMO_MOSFET_02,MOSFET,53.584000,0.087834,4.706497,20.000000,15.293503,76.467515,52.660000,25.000000,170.322426,175.000000,4.677574,CRITICAL,LOW_MARGIN,3,0.973271,Monitor / investigate,4.893600,4.893600,TEMPERATURE,1,0.091326,0.000000,1,55.714188,0.000000
265,DEMO_BJT_01,BJT,3.393000,0.483915,1.641924,10.000000,8.358076,83.580764,21.220000,50.000000,103.316180,150.000000,46.683820,SAFE,NONE,4,0.688775,No immediate action,2.575600,2.575600,TEMPERATURE,1,0.759092,0.000000,1,5.322422,0.000000
266,DEMO_MOSFET_01,MOSFET,18.689000,0.223101,4.169535,10.000000,5.830465,58.304654,18.260000,40.000000,185.041384,150.000000,-35.041384,NOT_SAFE_TEMPERATURE,TEMPERATURE,2,1.233609,Correct thermal operating condition,3.293500,3.293500,TEMPERATURE,1,0.176227,21.010369,1,14.762372,21.010369
267,DEMO_MOSFET_02,MOSFET,16.856000,0.402968,6.792429,20.000000,13.207571,66.037857,39.280000,25.000000,209.090715,175.000000,-34.090715,NOT_SAFE_TEMPERATURE,TEMPERATURE,2,1.194804,Correct thermal operating condition,5.428800,5.428800,TEMPERATURE,1,0.322069,20.075715,1,13.472037,20.075715
268,DEMO_BJT_01,BJT,5.105000,0.545529,2.784926,10.000000,7.215074,72.150745,35.490000,50.000000,174.736277,150.000000,-24.736277,NOT_SAFE_TEMPERATURE,TEMPERATURE,2,1.164909,Correct thermal operating condition,2.290200,2.290200,TEMPERATURE,1,0.448619,17.764408,1,4.198127,17.764408
269,DEMO_MOSFET_01,MOSFET,22.497000,0.160932,3.620487,10.000000,6.379513,63.795128,42.130000,40.000000,186.949488,150.000000,-36.949488,NOT_SAFE_TEMPERATURE,TEMPERATURE,2,1.246330,Correct thermal operating condition,2.696750,2.696750,TEMPERATURE,1,0.119872,25.514168,1,16.757078,25.514168
270,DEMO_MOSFET_02,MOSFET,59.145000,0.032746,1.936762,20.000000,18.063238,90.316189,27.340000,25.000000,75.759054,175.000000,99.240946,SAFE,NONE,4,0.432909,No immediate action,5.906400,5.906400,TEMPERATURE,1,0.099863,0.000000,1,180.370122,0.000000
271,DEMO_BJT_01,BJT,28.469000,0.029722,0.846156,10.000000,9.153844,91.538444,17.190000,50.000000,59.497781,150.000000,90.502219,SAFE,NONE,4,0.396652,No immediate action,2.656200,2.656200,TEMPERATURE,1,0.093301,0.000000,1,89.368145,0.000000
272,DEMO_MOSFET_01,MOSFET,13.710000,0.271943,3.728339,10.000000,6.271661,62.716615,45.690000,40.000000,194.823541,150.000000,-44.823541,NOT_SAFE_TEMPERATURE,TEMPERATURE,2,1.298824,Correct thermal operating condition,2.607750,2.607750,TEMPERATURE,1,0.190208,30.055976,1,9.589326,30.055976
273,DEMO_MOSFET_02,MOSFET,28.686000,0.105714,3.032512,20.000000,16.967488,84.837441,19.800000,25.000000,95.612795,175.000000,79.387205,SAFE,NONE,4,0.546359,No immediate action,6.208000,6.208000,TEMPERATURE,1,0.216412,0.000000,1,58.724483,0.000000
274,DEMO_BJT_01,BJT,8.443000,0.403384,3.405771,10.000000,6.594229,65.942289,20.170000,50.000000,190.458556,150.000000,-40.458556,NOT_SAFE_TEMPERATURE,TEMPERATURE,2,1.269724,Correct thermal operating condition,2.596600,2.596600,TEMPERATURE,1,0.307545,23.758822,1,6.437043,23.758822
275,DEMO_MOSFET_01,MOSFET,16.104000,0.102736,1.654461,10.000000,8.345539,83.455395,37.350000,40.000000,103.528422,150.000000,46.471578,SAFE,NONE,4,0.690189,No immediate action,2.816250,2.816250,TEMPERATURE,1,0.174879,0.000000,1,27.412494,0.000000
276,DEMO_MOSFET_02,MOSFET,28.992000,0.193258,5.602936,20.000000,14.397064,71.985320,30.880000,25.000000,170.953398,175.000000,4.046602,CRITICAL,LOW_MARGIN,3,0.976877,Monitor / investigate,5.764800,5.764800,TEMPERATURE,1,0.198841,0.000000,1,29.829554,0.000000
277,DEMO_BJT_01,BJT,10.766000,0.200482,2.158389,10.000000,7.841611,78.416108,33.390000,50.000000,141.309461,150.000000,8.690539,CRITICAL,LOW_MARGIN,3,0.942063,Monitor / investigate,2.332200,2.332200,TEMPERATURE,1,0.216626,0.000000,1,11.632965,0.000000
278,DEMO_MOSFET_01,MOSFET,26.685000,0.047971,1.280106,10.000000,8.719894,87.198939,32.170000,40.000000,83.374245,150.000000,66.625755,SAFE,NONE,4,0.555828,No immediate action,2.945750,2.945750,TEMPERATURE,1,0.110390,0.000000,1,61.406892,0.000000
279,DEMO_MOSFET_02,MOSFET,58.141000,0.127287,7.400593,20.000000,12.599407,62.997033,26.580000,25.000000,211.594837,175.000000,-36.594837,NOT_SAFE_TEMPERATURE,TEMPERATURE,2,1.209113,Correct thermal operating condition,5.936800,5.936800,TEMPERATURE,1,0.102110,19.779407,1,46.641055,19.779407
280,DEMO_BJT_01,BJT,14.883000,0.262278,3.903483,10.000000,6.096517,60.965165,21.870000,50.000000,217.044174,150.000000,-67.044174,NOT_SAFE_TEMPERATURE,TEMPERATURE,2,1.446961,Correct thermal operating condition,2.562600,2.562600,TEMPERATURE,1,0.172183,34.350945,1,9.770549,34.350945
281,DEMO_MOSFET_01,MOSFET,19.158000,0.057451,1.100646,10.000000,8.899354,88.993537,42.580000,40.000000,86.605850,150.000000,63.394150,SAFE,NONE,4,0.577372,No immediate action,2.685500,2.685500,TEMPERATURE,1,0.140176,0.000000,1,46.744182,0.000000
282,DEMO_MOSFET_02,MOSFET,27.025000,0.104369,2.820572,20.000000,17.179428,85.897139,19.230000,25.000000,89.744306,175.000000,85.255694,SAFE,NONE,4,0.512825,No immediate action,6.230800,6.230800,TEMPERATURE,1,0.230557,0.000000,1,59.699719,0.000000
283,DEMO_BJT_01,BJT,22.883000,0.171019,3.913428,10.000000,6.086572,60.865722,18.150000,50.000000,213.821389,150.000000,-63.821389,NOT_SAFE_TEMPERATURE,TEMPERATURE,2,1.425476,Correct thermal operating condition,2.637000,2.637000,TEMPERATURE,1,0.115238,32.616618,1,15.419339,32.616618
284,DEMO_MOSFET_01,MOSFET,5.826000,0.777987,4.532552,10.000000,5.467448,54.674477,23.860000,40.000000,205.162090,150.000000,-55.162090,NOT_SAFE_TEMPERATURE,TEMPERATURE,2,1.367747,Correct thermal operating condition,3.153500,3.153500,TEMPERATURE,1,0.541280,30.425513,1,4.053410,30.425513
285,DEMO_MOSFET_02,MOSFET,15.665000,0.450697,7.060169,20.000000,12.939831,64.699157,40.330000,25.000000,216.834213,175.000000,-41.834213,NOT_SAFE_TEMPERATURE,TEMPERATURE,2,1.239053,Correct thermal operating condition,5.386800,5.386800,TEMPERATURE,1,0.343875,23.701538,1,11.952154,23.701538
286,DEMO_BJT_01,BJT,28.830000,0.087909,2.534416,10.000000,7.465584,74.655835,46.050000,50.000000,172.770824,150.000000,-22.770824,NOT_SAFE_TEMPERATURE,TEMPERATURE,2,1.151805,Correct thermal operating condition,2.079000,2.079000,TEMPERATURE,1,0.072112,17.969283,1,23.649456,17.969283
287,DEMO_MOSFET_01,MOSFET,6.804000,0.447448,3.044436,10.000000,6.955564,69.555638,40.820000,40.000000,162.597448,150.000000,-12.597448,NOT_SAFE_TEMPERATURE,TEMPERATURE,2,1.083983,Correct thermal operating condition,2.729500,2.729500,TEMPERATURE,1,0.401161,10.344647,1,6.100150,10.344647
288,DEMO_MOSFET_02,MOSFET,13.408000,0.134317,1.800922,20.000000,18.199078,90.995388,25.240000,25.000000,70.263058,175.000000,104.736942,SAFE,NONE,4,0.401503,No immediate action,5.990400,5.990400,TEMPERATURE,1,0.446778,0.000000,1,44.598971,0.000000
289,DEMO_BJT_01,BJT,28.636000,0.067617,1.936280,10.000000,8.063720,80.637196,45.370000,50.000000,142.184021,150.000000,7.815979,CRITICAL,LOW_MARGIN,3,0.947893,Monitor / investigate,2.092600,2.092600,TEMPERATURE,1,0.073076,0.000000,1,30.947839,0.000000
290,DEMO_MOSFET_01,MOSFET,23.858000,0.109669,2.616483,10.000000,7.383517,73.835170,40.120000,40.000000,144.779320,150.000000,5.220680,CRITICAL,LOW_MARGIN,3,0.965195,Monitor / investigate,2.747000,2.747000,TEMPERATURE,1,0.115140,0.000000,1,25.048099,0.000000
291,DEMO_MOSFET_02,MOSFET,53.513000,0.060858,3.256694,20.000000,16.743306,83.716529,38.180000,25.000000,119.597354,175.000000,55.402646,SAFE,NONE,4,0.683413,No immediate action,5.472800,5.472800,TEMPERATURE,1,0.102270,0.000000,1,89.927372,0.000000
292,DEMO_BJT_01,BJT,11.050000,0.152735,1.687722,10.000000,8.312278,83.122782,40.720000,50.000000,125.106088,150.000000,24.893912,SAFE,NONE,4,0.834041,No immediate action,2.185600,2.185600,TEMPERATURE,1,0.197792,0.000000,1,14.309752,0.000000
293,DEMO_MOSFET_01,MOSFET,19.271000,0.117528,2.264882,10.000000,7.735118,77.351179,53.840000,40.000000,144.435284,150.000000,5.564716,CRITICAL,LOW_MARGIN,3,0.962902,Monitor / investigate,2.404000,2.404000,TEMPERATURE,1,0.124747,0.000000,1,20.454700,0.000000
294,DEMO_MOSFET_02,MOSFET,48.798000,0.157690,7.694957,20.000000,12.305043,61.525217,33.760000,25.000000,226.133916,175.000000,-51.133916,NOT_SAFE_TEMPERATURE,TEMPERATURE,2,1.292194,Correct thermal operating condition,5.649600,5.649600,TEMPERATURE,1,0.115775,26.580483,1,35.827256,26.580483
295,DEMO_BJT_01,BJT,4.077000,0.515919,2.103402,10.000000,7.896598,78.965982,38.660000,50.000000,143.830088,150.000000,6.169912,CRITICAL,LOW_MARGIN,3,0.958867,Monitor / investigate,2.226800,2.226800,TEMPERATURE,1,0.546186,0.000000,1,4.316181,0.000000
296,DEMO_MOSFET_01,MOSFET,16.643000,0.038826,0.646181,10.000000,9.353819,93.538189,33.470000,40.000000,59.317245,150.000000,90.682755,SAFE,NONE,4,0.395448,No immediate action,2.913250,2.913250,TEMPERATURE,1,0.175044,0.000000,1,75.033483,0.000000
297,DEMO_MOSFET_02,MOSFET,58.755000,0.138396,8.131457,20.000000,11.868543,59.342715,26.480000,25.000000,229.766424,175.000000,-54.766424,NOT_SAFE_TEMPERATURE,TEMPERATURE,2,1.312951,Correct thermal operating condition,5.940800,5.940800,TEMPERATURE,1,0.101111,26.940522,1,42.926096,26.940522
298,DEMO_BJT_01,BJT,12.766000,0.276451,3.529173,10.000000,6.470827,64.708265,18.610000,50.000000,195.068673,150.000000,-45.068673,NOT_SAFE_TEMPERATURE,TEMPERATURE,2,1.300458,Correct thermal operating condition,2.627800,2.627800,TEMPERATURE,1,0.205844,25.540639,1,9.505482,25.540639
299,DEMO_MOSFET_01,MOSFET,30.340000,0.069402,2.105657,10.000000,7.894343,78.943433,38.210000,40.000000,122.436267,150.000000,27.563733,SAFE,NONE,4,0.816242,No immediate action,2.794750,2.794750,TEMPERATURE,1,0.092114,0.000000,1,40.269012,0.000000
300,DEMO_MOSFET_02,MOSFET,36.441000,0.126414,4.606653,20.000000,15.393347,76.966737,16.640000,25.000000,131.806314,175.000000,43.193686,SAFE,NONE,4,0.753179,No immediate action,6.334400,6.334400,TEMPERATURE,1,0.173826,0.000000,1,50.108374,0.000000
301,DEMO_BJT_01,BJT,16.038000,0.087570,1.404448,10.000000,8.595552,85.955523,22.530000,50.000000,92.752383,150.000000,57.247617,SAFE,NONE,4,0.618349,No immediate action,2.549400,2.549400,TEMPERATURE,1,0.158960,0.000000,1,29.112710,0.000000
302,DEMO_MOSFET_01,MOSFET,33.006000,0.033785,1.115108,10.000000,8.884892,88.848923,53.310000,40.000000,97.914308,150.000000,52.085692,SAFE,NONE,4,0.652762,No immediate action,2.417250,2.417250,TEMPERATURE,1,0.073237,0.000000,1,71.548024,0.000000
303,DEMO_MOSFET_02,MOSFET,9.638000,0.809065,7.797768,20.000000,12.202232,61.011158,48.500000,25.000000,243.444212,175.000000,-68.444212,NOT_SAFE_TEMPERATURE,TEMPERATURE,2,1.391110,Correct thermal operating condition,5.060000,5.060000,TEMPERATURE,1,0.525005,35.109640,1,6.254133,35.109640
304,DEMO_BJT_01,BJT,21.813000,0.106082,2.313967,10.000000,7.686033,76.860333,40.850000,50.000000,156.548333,150.000000,-6.548333,NOT_SAFE_TEMPERATURE,TEMPERATURE,2,1.043656,Correct thermal operating condition,2.183000,2.183000,TEMPERATURE,1,0.100078,5.659834,1,20.578420,5.659834
305,DEMO_MOSFET_01,MOSFET,25.563000,0.047000,1.201461,10.000000,8.798539,87.985390,54.640000,40.000000,102.698440,150.000000,47.301560,SAFE,NONE,4,0.684656,No immediate action,2.384000,2.384000,TEMPERATURE,1,0.093260,0.000000,1,50.723404,0.000000
306,DEMO_MOSFET_02,MOSFET,26.308000,0.217659,5.726173,20.000000,14.273827,71.369135,29.560000,25.000000,172.714324,175.000000,2.285676,CRITICAL,LOW_MARGIN,3,0.986939,Monitor / investigate,5.817600,5.817600,TEMPERATURE,1,0.221134,0.000000,1,26.728047,0.000000
307,DEMO_BJT_01,BJT,3.466000,0.356374,1.235192,10.000000,8.764808,87.648077,45.980000,50.000000,107.739614,150.000000,42.260386,SAFE,NONE,4,0.718264,No immediate action,2.080400,2.080400,TEMPERATURE,1,0.600231,0.000000,1,5.837687,0.000000
308,DEMO_MOSFET_01,MOSFET,15.199000,0.218588,3.322319,10.000000,6.677681,66.776810,40.240000,40.000000,173.132760,150.000000,-23.132760,NOT_SAFE_TEMPERATURE,TEMPERATURE,2,1.154218,Correct thermal operating condition,2.744000,2.744000,TEMPERATURE,1,0.180538,17.407089,1,12.553297,17.407089
309,DEMO_MOSFET_02,MOSFET,18.860000,0.123873,2.336245,20.000000,17.663755,88.318776,37.320000,25.000000,95.726119,175.000000,79.273881,SAFE,NONE,4,0.547006,No immediate action,5.507200,5.507200,TEMPERATURE,1,0.292004,0.000000,1,44.458437,0.000000
310,DEMO_BJT_01,BJT,18.876000,0.105614,1.993570,10.000000,8.006430,80.064301,49.060000,50.000000,148.738493,150.000000,1.261507,CRITICAL,LOW_MARGIN,3,0.991590,Monitor / investigate,2.018800,2.018800,TEMPERATURE,1,0.106951,0.000000,1,19.114890,0.000000
311,DEMO_MOSFET_01,MOSFET,27.554000,0.108336,2.985090,10.000000,7.014910,70.149099,21.010000,40.000000,140.413606,150.000000,9.586394,CRITICAL,LOW_MARGIN,3,0.936091,Monitor / investigate,3.224750,3.224750,TEMPERATURE,1,0.117034,0.000000,1,29.766190,0.000000
312,DEMO_MOSFET_02,MOSFET,41.083000,0.045622,1.874289,20.000000,18.125711,90.628557,51.670000,25.000000,98.527216,175.000000,76.472784,SAFE,NONE,4,0.563013,No immediate action,4.933200,4.933200,TEMPERATURE,1,0.120079,0.000000,1,108.132042,0.000000
313,DEMO_BJT_01,BJT,21.847000,0.027298,0.596379,10.000000,9.403621,94.036206,41.490000,50.000000,71.308970,150.000000,78.691030,SAFE,NONE,4,0.475393,No immediate action,2.170200,2.170200,TEMPERATURE,1,0.099336,0.000000,1,79.500330,0.000000
314,DEMO_MOSFET_01,MOSFET,26.809000,0.162623,4.359760,10.000000,5.640240,56.402400,18.390000,40.000000,192.780400,150.000000,-42.780400,NOT_SAFE_TEMPERATURE,TEMPERATURE,2,1.285203,Correct thermal operating condition,3.290250,3.290250,TEMPERATURE,1,0.122729,24.531396,1,20.232378,24.531396
315,DEMO_MOSFET_02,MOSFET,43.656000,0.148716,6.492346,20.000000,13.507654,67.538272,28.140000,25.000000,190.448642,175.000000,-15.448642,NOT_SAFE_TEMPERATURE,TEMPERATURE,2,1.088278,Correct thermal operating condition,5.874400,5.874400,TEMPERATURE,1,0.134561,9.518065,1,39.500793,9.518065
316,DEMO_BJT_01,BJT,27.549000,0.109181,3.007827,10.000000,6.992173,69.921726,52.880000,50.000000,203.271368,150.000000,-53.271368,NOT_SAFE_TEMPERATURE,TEMPERATURE,2,1.355142,Correct thermal operating condition,1.942400,1.942400,TEMPERATURE,1,0.070507,35.421826,1,17.790641,35.421826
317,DEMO_MOSFET_01,MOSFET,21.814000,0.207888,4.534869,10.000000,5.465131,54.651312,18.740000,40.000000,200.134753,150.000000,-50.134753,NOT_SAFE_TEMPERATURE,TEMPERATURE,2,1.334232,Correct thermal operating condition,3.281500,3.281500,TEMPERATURE,1,0.150431,27.638480,1,15.784942,27.638480
318,DEMO_MOSFET_02,MOSFET,57.314000,0.042144,2.415441,20.000000,17.584559,87.922794,15.730000,25.000000,76.116030,175.000000,98.883970,SAFE,NONE,4,0.434949,No immediate action,6.370800,6.370800,TEMPERATURE,1,0.111156,0.000000,1,151.167426,0.000000
319,DEMO_BJT_01,BJT,7.376000,0.211986,1.563609,10.000000,8.436391,84.363913,28.670000,50.000000,106.850437,150.000000,43.149563,SAFE,NONE,4,0.712336,No immediate action,2.426600,2.426600,TEMPERATURE,1,0.328986,0.000000,1,11.446982,0.000000
320,DEMO_MOSFET_01,MOSFET,13.944000,0.158544,2.210738,10.000000,7.789262,77.892625,55.000000,40.000000,143.429501,150.000000,6.570499,CRITICAL,LOW_MARGIN,3,0.956197,Monitor / investigate,2.375000,2.375000,TEMPERATURE,1,0.170324,0.000000,1,14.980069,0.000000
321,DEMO_MOSFET_02,MOSFET,34.687000,0.073255,2.540996,20.000000,17.459004,87.295019,46.520000,25.000000,110.044905,175.000000,64.955095,SAFE,NONE,4,0.628828,No immediate action,5.139200,5.139200,TEMPERATURE,1,0.148159,0.000000,1,70.154938,0.000000
322,DEMO_BJT_01,BJT,20.534000,0.098280,2.018082,10.000000,7.981918,79.819185,44.550000,50.000000,145.454076,150.000000,4.545924,CRITICAL,LOW_MARGIN,3,0.969694,Monitor / investigate,2.109000,2.109000,TEMPERATURE,1,0.102708,0.000000,1,21.459096,0.000000
323,DEMO_MOSFET_01,MOSFET,25.098000,0.134915,3.386097,10.000000,6.613903,66.139033,50.060000,40.000000,185.503867,150.000000,-35.503867,NOT_SAFE_TEMPERATURE,TEMPERATURE,2,1.236692,Correct thermal operating condition,2.498500,2.498500,TEMPERATURE,1,0.099550,26.212975,1,18.519068,26.212975
324,DEMO_MOSFET_02,MOSFET,43.107000,0.043521,1.876060,20.000000,18.123940,90.619701,21.170000,25.000000,68.071494,175.000000,106.928506,SAFE,NONE,4,0.388980,No immediate action,6.153200,6.153200,TEMPERATURE,1,0.142742,0.000000,1,141.384619,0.000000
325,DEMO_BJT_01,BJT,22.193000,0.148744,3.301076,10.000000,6.698924,66.989244,39.990000,50.000000,205.043780,150.000000,-55.043780,NOT_SAFE_TEMPERATURE,TEMPERATURE,2,1.366959,Correct thermal operating condition,2.200200,2.200200,TEMPERATURE,1,0.099139,33.348997,1,14.791857,33.348997
326,DEMO_MOSFET_01,MOSFET,29.625000,0.046250,1.370156,10.000000,8.629844,86.298437,16.750000,40.000000,71.556250,150.000000,78.443750,SAFE,NONE,4,0.477042,No immediate action,3.331250,3.331250,TEMPERATURE,1,0.112447,0.000000,1,72.027027,0.000000
327,DEMO_MOSFET_02,MOSFET,46.382000,0.057930,2.686909,20.000000,17.313091,86.565454,53.780000,25.000000,120.952731,175.000000,54.047269,SAFE,NONE,4,0.691158,No immediate action,4.848800,4.848800,TEMPERATURE,1,0.104541,0.000000,1,83.701018,0.000000
328,DEMO_BJT_01,BJT,8.697000,0.276342,2.403346,10.000000,7.596654,75.966536,46.350000,50.000000,166.517319,150.000000,-16.517319,NOT_SAFE_TEMPERATURE,TEMPERATURE,2,1.110115,Correct thermal operating condition,2.073000,2.073000,TEMPERATURE,1,0.238358,13.745267,1,7.501574,13.745267
329,DEMO_MOSFET_01,MOSFET,36.447000,0.095196,3.469609,10.000000,6.530391,65.303914,53.620000,40.000000,192.404344,150.000000,-42.404344,NOT_SAFE_TEMPERATURE,TEMPERATURE,2,1.282696,Correct thermal operating condition,2.409500,2.409500,TEMPERATURE,1,0.066110,30.554127,1,25.310937,30.554127
330,DEMO_MOSFET_02,MOSFET,36.373000,0.232033,8.439736,20.000000,11.560264,57.801318,22.760000,25.000000,233.753408,175.000000,-58.753408,NOT_SAFE_TEMPERATURE,TEMPERATURE,2,1.335734,Correct thermal operating condition,6.089600,6.089600,TEMPERATURE,1,0.167421,27.846087,1,26.244543,27.846087
331,DEMO_BJT_01,BJT,23.787000,0.141361,3.362554,10.000000,6.637446,66.374459,32.620000,50.000000,200.747705,150.000000,-50.747705,NOT_SAFE_TEMPERATURE,TEMPERATURE,2,1.338318,Correct thermal operating condition,2.347600,2.347600,TEMPERATURE,1,0.098693,30.184023,1,16.607126,30.184023
332,DEMO_MOSFET_01,MOSFET,8.996000,0.400195,3.600154,10.000000,6.399846,63.998458,35.120000,40.000000,179.126169,150.000000,-29.126169,NOT_SAFE_TEMPERATURE,TEMPERATURE,2,1.194174,Correct thermal operating condition,2.872000,2.872000,TEMPERATURE,1,0.319253,20.225640,1,7.176501,20.225640
333,DEMO_MOSFET_02,MOSFET,53.015000,0.154650,8.198770,20.000000,11.801230,59.006151,22.990000,25.000000,227.959244,175.000000,-52.959244,NOT_SAFE_TEMPERATURE,TEMPERATURE,2,1.302624,Correct thermal operating condition,6.080400,6.080400,TEMPERATURE,1,0.114692,25.837654,1,39.317168,25.837654
334,DEMO_BJT_01,BJT,12.394000,0.102681,1.272628,10.000000,8.727372,87.273717,17.090000,50.000000,80.721416,150.000000,69.278584,SAFE,NONE,4,0.538143,No immediate action,2.658200,2.658200,TEMPERATURE,1,0.214475,0.000000,1,25.887944,0.000000
335,DEMO_MOSFET_01,MOSFET,22.089000,0.067691,1.495226,10.000000,8.504774,85.047735,52.370000,40.000000,112.179060,150.000000,37.820940,SAFE,NONE,4,0.747860,No immediate action,2.440750,2.440750,TEMPERATURE,1,0.110496,0.000000,1,36.057231,0.000000
336,DEMO_MOSFET_02,MOSFET,13.817000,0.415489,5.740812,20.000000,14.259188,71.295942,19.990000,25.000000,163.510288,175.000000,11.489712,SAFE,NONE,4,0.934345,No immediate action,6.200400,6.200400,TEMPERATURE,1,0.448752,0.000000,1,14.923139,0.000000
337,DEMO_BJT_01,BJT,25.269000,0.046103,1.164977,10.000000,8.835023,88.350233,32.970000,50.000000,91.218835,150.000000,58.781165,SAFE,NONE,4,0.608126,No immediate action,2.340600,2.340600,TEMPERATURE,1,0.092627,0.000000,1,50.768930,0.000000
338,DEMO_MOSFET_01,MOSFET,33.218000,0.097233,3.229886,10.000000,6.770114,67.701142,18.670000,40.000000,147.865432,150.000000,2.134568,CRITICAL,LOW_MARGIN,3,0.985770,Monitor / investigate,3.283250,3.283250,TEMPERATURE,1,0.098839,0.000000,1,33.766828,0.000000
339,DEMO_MOSFET_02,MOSFET,27.819000,0.176513,4.910415,20.000000,15.089585,75.447924,50.390000,25.000000,173.150379,175.000000,1.849621,CRITICAL,LOW_MARGIN,3,0.989431,Monitor / investigate,4.984400,4.984400,TEMPERATURE,1,0.179173,0.000000,1,28.238147,0.000000
340,DEMO_BJT_01,BJT,12.813000,0.228884,2.932691,10.000000,7.067309,70.673093,30.860000,50.000000,177.494535,150.000000,-27.494535,NOT_SAFE_TEMPERATURE,TEMPERATURE,2,1.183297,Correct thermal operating condition,2.382800,2.382800,TEMPERATURE,1,0.185967,18.750381,1,10.410514,18.750381
341,DEMO_MOSFET_01,MOSFET,14.791000,0.073529,1.087567,10.000000,8.912433,89.124326,18.260000,40.000000,61.762698,150.000000,88.237302,SAFE,NONE,4,0.411751,No immediate action,3.293500,3.293500,TEMPERATURE,1,0.222669,0.000000,1,44.791851,0.000000
342,DEMO_MOSFET_02,MOSFET,23.441000,0.163626,3.835557,20.000000,16.164443,80.822215,18.960000,25.000000,114.848927,175.000000,60.151073,SAFE,NONE,4,0.656280,No immediate action,6.241600,6.241600,TEMPERATURE,1,0.266269,0.000000,1,38.145527,0.000000
343,DEMO_BJT_01,BJT,27.687000,0.020732,0.574007,10.000000,9.425993,94.259931,20.840000,50.000000,49.540344,150.000000,100.459656,SAFE,NONE,4,0.330269,No immediate action,2.583200,2.583200,TEMPERATURE,1,0.093300,0.000000,1,124.599653,0.000000
344,DEMO_MOSFET_01,MOSFET,31.077000,0.136722,4.248910,10.000000,5.751090,57.510904,33.900000,40.000000,203.856384,150.000000,-53.856384,NOT_SAFE_TEMPERATURE,TEMPERATURE,2,1.359043,Correct thermal operating condition,2.902500,2.902500,TEMPERATURE,1,0.093397,31.688356,1,21.229210,31.688356
345,DEMO_MOSFET_02,MOSFET,54.822000,0.139512,7.648327,20.000000,12.351673,61.758366,33.760000,25.000000,224.968172,175.000000,-49.968172,NOT_SAFE_TEMPERATURE,TEMPERATURE,2,1.285532,Correct thermal operating condition,5.649600,5.649600,TEMPERATURE,1,0.103054,26.132864,1,40.495441,26.132864
346,DEMO_BJT_01,BJT,6.187000,0.499062,3.087697,10.000000,6.912303,69.123034,15.760000,50.000000,170.144830,150.000000,-20.144830,NOT_SAFE_TEMPERATURE,TEMPERATURE,2,1.134299,Correct thermal operating condition,2.684800,2.684800,TEMPERATURE,1,0.433942,13.048452,1,5.379692,13.048452
347,DEMO_MOSFET_01,MOSFET,18.660000,0.176214,3.288153,10.000000,6.711847,67.118468,52.610000,40.000000,184.136130,150.000000,-34.136130,NOT_SAFE_TEMPERATURE,TEMPERATURE,2,1.227574,Correct thermal operating condition,2.434750,2.434750,TEMPERATURE,1,0.130480,25.953877,1,13.817007,25.953877
348,DEMO_MOSFET_02,MOSFET,11.702000,0.148917,1.742627,20.000000,18.257373,91.286866,46.050000,25.000000,89.615668,175.000000,85.384332,SAFE,NONE,4,0.512090,No immediate action,5.158000,5.158000,TEMPERATURE,1,0.440779,0.000000,1,34.636744,0.000000
349,DEMO_BJT_01,BJT,19.439000,0.073655,1.431780,10.000000,8.568220,85.682205,24.540000,50.000000,96.128977,150.000000,53.871023,SAFE,NONE,4,0.640860,No immediate action,2.509200,2.509200,TEMPERATURE,1,0.129081,0.000000,1,34.066934,0.000000
350,DEMO_MOSFET_01,MOSFET,21.494000,0.105602,2.269809,10.000000,7.730191,77.301906,17.510000,40.000000,108.302376,150.000000,41.697624,SAFE,NONE,4,0.722016,No immediate action,3.312250,3.312250,TEMPERATURE,1,0.154101,0.000000,1,31.365410,0.000000
351,DEMO_MOSFET_02,MOSFET,36.628000,0.085725,3.139935,20.000000,16.860065,84.300323,36.440000,25.000000,114.938382,175.000000,60.061618,SAFE,NONE,4,0.656791,No immediate action,5.542400,5.542400,TEMPERATURE,1,0.151316,0.000000,1,64.653252,0.000000
352,DEMO_BJT_01,BJT,2.044000,0.977826,1.998676,10.000000,8.001324,80.013237,43.740000,50.000000,143.673817,150.000000,6.326183,CRITICAL,LOW_MARGIN,3,0.957825,Monitor / investigate,2.125200,2.125200,TEMPERATURE,1,1.039726,0.000000,1,2.173393,0.000000
353,DEMO_MOSFET_01,MOSFET,9.931000,0.292141,2.901252,10.000000,7.098748,70.987477,29.110000,40.000000,145.160091,150.000000,4.839909,CRITICAL,LOW_MARGIN,3,0.967734,Monitor / investigate,3.022250,3.022250,TEMPERATURE,1,0.304325,0.000000,1,10.345176,0.000000
354,DEMO_MOSFET_02,MOSFET,24.833000,0.108111,2.684720,20.000000,17.315280,86.576398,41.730000,25.000000,108.848012,175.000000,66.151988,SAFE,NONE,4,0.621989,No immediate action,5.330800,5.330800,TEMPERATURE,1,0.214666,0.000000,1,49.308581,0.000000
355,DEMO_BJT_01,BJT,24.020000,0.106260,2.552365,10.000000,7.447635,74.476348,53.140000,50.000000,180.758260,150.000000,-30.758260,NOT_SAFE_TEMPERATURE,TEMPERATURE,2,1.205055,Correct thermal operating condition,1.937200,1.937200,TEMPERATURE,1,0.080649,24.101770,1,18.230755,24.101770
356,DEMO_MOSFET_01,MOSFET,35.313000,0.085288,3.011775,10.000000,6.988225,69.882249,35.300000,40.000000,155.771006,150.000000,-5.771006,NOT_SAFE_TEMPERATURE,TEMPERATURE,2,1.038473,Correct thermal operating condition,2.867500,2.867500,TEMPERATURE,1,0.081202,4.790369,1,33.621377,4.790369
357,DEMO_MOSFET_02,MOSFET,25.532000,0.105224,2.686579,20.000000,17.313421,86.567104,16.740000,25.000000,83.904479,175.000000,91.095521,SAFE,NONE,4,0.479454,No immediate action,6.330400,6.330400,TEMPERATURE,1,0.247940,0.000000,1,60.161180,0.000000
358,DEMO_BJT_01,BJT,3.892000,0.510455,1.986691,10.000000,8.013309,80.133091,44.890000,50.000000,144.224543,150.000000,5.775457,CRITICAL,LOW_MARGIN,3,0.961497,Monitor / investigate,2.102200,2.102200,TEMPERATURE,1,0.540134,0.000000,1,4.118287,0.000000
359,DEMO_MOSFET_01,MOSFET,6.836000,0.266424,1.821274,10.000000,8.178726,81.787255,24.650000,40.000000,97.500979,150.000000,52.499021,SAFE,NONE,4,0.650007,No immediate action,3.133750,3.133750,TEMPERATURE,1,0.458419,0.000000,1,11.762266,0.000000
360,DEMO_MOSFET_02,MOSFET,12.338000,0.431295,5.321318,20.000000,14.678682,73.393411,38.280000,25.000000,171.312943,175.000000,3.687057,CRITICAL,LOW_MARGIN,3,0.978931,Monitor / investigate,5.468800,5.468800,TEMPERATURE,1,0.443249,0.000000,1,12.679952,0.000000
361,DEMO_BJT_01,BJT,19.998000,0.047927,0.958444,10.000000,9.041556,90.415559,29.090000,50.000000,77.012207,150.000000,72.987793,SAFE,NONE,4,0.513415,No immediate action,2.418200,2.418200,TEMPERATURE,1,0.120922,0.000000,1,50.455902,0.000000
362,DEMO_MOSFET_01,MOSFET,39.290000,0.062687,2.462972,10.000000,7.537028,75.370278,48.220000,40.000000,146.738889,150.000000,3.261111,CRITICAL,LOW_MARGIN,3,0.978259,Monitor / investigate,2.544500,2.544500,TEMPERATURE,1,0.064762,0.000000,1,40.590553,0.000000
363,DEMO_MOSFET_02,MOSFET,12.417000,0.514098,6.383555,20.000000,13.616445,68.082226,34.140000,25.000000,193.728872,175.000000,-18.728872,NOT_SAFE_TEMPERATURE,TEMPERATURE,2,1.107022,Correct thermal operating condition,5.634400,5.634400,TEMPERATURE,1,0.453765,11.735700,1,10.959778,11.735700
364,DEMO_BJT_01,BJT,3.036000,0.523665,1.589847,10.000000,8.410153,84.101531,43.640000,50.000000,123.132347,150.000000,26.867653,SAFE,NONE,4,0.820882,No immediate action,2.127200,2.127200,TEMPERATURE,1,0.700659,0.000000,1,4.062139,0.000000
365,DEMO_MOSFET_01,MOSFET,35.774000,0.128045,4.580682,10.000000,5.419318,54.193182,23.060000,40.000000,206.287273,150.000000,-56.287273,NOT_SAFE_TEMPERATURE,TEMPERATURE,2,1.375248,Correct thermal operating condition,3.173500,3.173500,TEMPERATURE,1,0.088710,30.719921,1,24.784256,30.719921
366,DEMO_MOSFET_02,MOSFET,26.902000,0.262545,7.062986,20.000000,12.937014,64.685072,27.620000,25.000000,204.194640,175.000000,-29.194640,NOT_SAFE_TEMPERATURE,TEMPERATURE,2,1.166827,Correct thermal operating condition,5.895200,5.895200,TEMPERATURE,1,0.219136,16.533880,1,22.454055,16.533880
367,DEMO_BJT_01,BJT,3.025000,0.321205,0.971645,10.000000,9.028355,90.283549,47.620000,50.000000,96.202256,150.000000,53.797744,SAFE,NONE,4,0.641348,No immediate action,2.047600,2.047600,TEMPERATURE,1,0.676893,0.000000,1,6.374745,0.000000
368,DEMO_MOSFET_01,MOSFET,34.899000,0.073483,2.564483,10.000000,7.435517,74.355168,40.880000,40.000000,143.459329,150.000000,6.540671,CRITICAL,LOW_MARGIN,3,0.956396,Monitor / investigate,2.728000,2.728000,TEMPERATURE,1,0.078168,0.000000,1,37.124233,0.000000
369,DEMO_MOSFET_02,MOSFET,20.027000,0.433975,8.691217,20.000000,11.308783,56.543913,16.910000,25.000000,234.190433,175.000000,-59.190433,NOT_SAFE_TEMPERATURE,TEMPERATURE,2,1.338231,Correct thermal operating condition,6.323600,6.323600,TEMPERATURE,1,0.315754,27.241493,1,14.571346,27.241493
370,DEMO_BJT_01,BJT,13.201000,0.070778,0.934340,10.000000,9.065660,90.656596,46.970000,50.000000,93.687019,150.000000,56.312981,SAFE,NONE,4,0.624580,No immediate action,2.060600,2.060600,TEMPERATURE,1,0.156094,0.000000,1,29.113566,0.000000
371,DEMO_MOSFET_01,MOSFET,15.544000,0.186368,2.896904,10.000000,7.103096,71.030958,32.590000,40.000000,148.466168,150.000000,1.533832,CRITICAL,LOW_MARGIN,3,0.989774,Monitor / investigate,2.935250,2.935250,TEMPERATURE,1,0.188835,0.000000,1,15.749753,0.000000
372,DEMO_MOSFET_02,MOSFET,25.204000,0.337189,8.498512,20.000000,11.501488,57.507442,22.470000,25.000000,234.932789,175.000000,-59.932789,NOT_SAFE_TEMPERATURE,TEMPERATURE,2,1.342473,Correct thermal operating condition,6.101200,6.101200,TEMPERATURE,1,0.242073,28.208605,1,18.094303,28.208605
373,DEMO_BJT_01,BJT,4.313000,0.562276,2.425096,10.000000,7.574904,75.749036,46.890000,50.000000,168.144819,150.000000,-18.144819,NOT_SAFE_TEMPERATURE,TEMPERATURE,2,1.120965,Correct thermal operating condition,2.062200,2.062200,TEMPERATURE,1,0.478136,14.964205,1,3.667594,14.964205
374,DEMO_MOSFET_01,MOSFET,39.819000,0.093335,3.716506,10.000000,6.283494,62.834936,31.980000,40.000000,180.640255,150.000000,-30.640255,NOT_SAFE_TEMPERATURE,TEMPERATURE,2,1.204268,Correct thermal operating condition,2.950500,2.950500,TEMPERATURE,1,0.074098,20.610926,1,31.611936,20.610926
375,DEMO_MOSFET_02,MOSFET,10.643000,0.683209,7.271393,20.000000,12.728607,63.643033,22.220000,25.000000,204.004835,175.000000,-29.004835,NOT_SAFE_TEMPERATURE,TEMPERATURE,2,1.165742,Correct thermal operating condition,6.111200,6.111200,TEMPERATURE,1,0.574199,15.955585,1,8.944847,15.955585
376,DEMO_BJT_01,BJT,14.486000,0.158301,2.293148,10.000000,7.706852,77.068517,28.120000,50.000000,142.777414,150.000000,7.222586,CRITICAL,LOW_MARGIN,3,0.951849,Monitor / investigate,2.437600,2.437600,TEMPERATURE,1,0.168273,0.000000,1,15.398513,0.000000
377,DEMO_MOSFET_01,MOSFET,19.425000,0.040583,0.788325,10.000000,9.211675,92.116752,43.710000,40.000000,75.242991,150.000000,74.757009,SAFE,NONE,4,0.501620,No immediate action,2.657250,2.657250,TEMPERATURE,1,0.136795,0.000000,1,65.476924,0.000000
378,DEMO_MOSFET_02,MOSFET,55.138000,0.064080,3.533243,20.000000,16.466757,82.333785,32.890000,25.000000,121.221076,175.000000,53.778924,SAFE,NONE,4,0.692692,No immediate action,5.684400,5.684400,TEMPERATURE,1,0.103094,0.000000,1,88.707865,0.000000
379,DEMO_BJT_01,BJT,19.905000,0.050171,0.998654,10.000000,9.001346,90.013462,39.590000,50.000000,89.522688,150.000000,60.477312,SAFE,NONE,4,0.596818,No immediate action,2.208200,2.208200,TEMPERATURE,1,0.110937,0.000000,1,44.013474,0.000000
380,DEMO_MOSFET_01,MOSFET,27.834000,0.021652,0.602662,10.000000,9.397338,93.973382,46.660000,40.000000,70.766471,150.000000,79.233529,SAFE,NONE,4,0.471776,No immediate action,2.583500,2.583500,TEMPERATURE,1,0.092818,0.000000,1,119.319231,0.000000
381,DEMO_MOSFET_02,MOSFET,46.244000,0.061871,2.861163,20.000000,17.138837,85.694187,31.250000,25.000000,102.779063,175.000000,72.220937,SAFE,NONE,4,0.587309,No immediate action,5.750000,5.750000,TEMPERATURE,1,0.124340,0.000000,1,92.935301,0.000000
382,DEMO_BJT_01,BJT,25.763000,0.105413,2.715755,10.000000,7.284245,72.842449,21.400000,50.000000,157.187756,150.000000,-7.187756,NOT_SAFE_TEMPERATURE,TEMPERATURE,2,1.047918,Correct thermal operating condition,2.572000,2.572000,TEMPERATURE,1,0.099833,5.293376,1,24.399268,5.293376
383,DEMO_MOSFET_01,MOSFET,7.671000,0.159673,1.224852,10.000000,8.775148,87.751484,42.120000,40.000000,91.114063,150.000000,58.885937,SAFE,NONE,4,0.607427,No immediate action,2.697000,2.697000,TEMPERATURE,1,0.351584,0.000000,1,16.890771,0.000000
384,DEMO_MOSFET_02,MOSFET,24.918000,0.138775,3.457995,20.000000,16.542005,82.710023,24.440000,25.000000,110.889886,175.000000,64.110114,SAFE,NONE,4,0.633656,No immediate action,6.022400,6.022400,TEMPERATURE,1,0.241689,0.000000,1,43.396865,0.000000
385,DEMO_BJT_01,BJT,6.296000,0.067426,0.424514,10.000000,9.575486,95.754859,52.980000,50.000000,74.205705,150.000000,75.794295,SAFE,NONE,4,0.494705,No immediate action,1.940400,1.940400,TEMPERATURE,1,0.308196,0.000000,1,28.778216,0.000000
386,DEMO_MOSFET_01,MOSFET,19.426000,0.185088,3.595519,10.000000,6.404481,64.044805,33.000000,40.000000,176.820780,150.000000,-26.820780,NOT_SAFE_TEMPERATURE,TEMPERATURE,2,1.178805,Correct thermal operating condition,2.925000,2.925000,TEMPERATURE,1,0.150571,18.648751,1,15.803294,18.648751
387,DEMO_MOSFET_02,MOSFET,25.182000,0.276737,6.968791,20.000000,13.031209,65.156044,18.080000,25.000000,192.299778,175.000000,-17.299778,NOT_SAFE_TEMPERATURE,TEMPERATURE,2,1.098856,Correct thermal operating condition,6.276800,6.276800,TEMPERATURE,1,0.249257,9.929859,1,22.681463,9.929859
388,DEMO_BJT_01,BJT,28.895000,0.079613,2.300418,10.000000,7.699582,76.995824,27.580000,50.000000,142.600882,150.000000,7.399118,CRITICAL,LOW_MARGIN,3,0.950673,Monitor / investigate,2.448400,2.448400,TEMPERATURE,1,0.084734,0.000000,1,30.753771,0.000000
389,DEMO_MOSFET_01,MOSFET,22.157000,0.171544,3.800900,10.000000,6.199100,61.990996,16.040000,40.000000,168.076016,150.000000,-18.076016,NOT_SAFE_TEMPERATURE,TEMPERATURE,2,1.120507,Correct thermal operating condition,3.349000,3.349000,TEMPERATURE,1,0.151149,11.889299,1,19.522688,11.889299
390,DEMO_MOSFET_02,MOSFET,47.623000,0.114072,5.432451,20.000000,14.567549,72.837746,51.540000,25.000000,187.351271,175.000000,-12.351271,NOT_SAFE_TEMPERATURE,TEMPERATURE,2,1.070579,Correct thermal operating condition,4.938400,4.938400,TEMPERATURE,1,0.103698,9.094438,1,43.291956,9.094438
391,DEMO_BJT_01,BJT,19.133000,0.036235,0.693284,10.000000,9.306716,93.067157,43.160000,50.000000,77.824213,150.000000,72.175787,SAFE,NONE,4,0.518828,No immediate action,2.136800,2.136800,TEMPERATURE,1,0.111681,0.000000,1,58.970609,0.000000
392,DEMO_MOSFET_01,MOSFET,10.407000,0.399141,4.153860,10.000000,5.846140,58.461396,42.760000,40.000000,208.914415,150.000000,-58.914415,NOT_SAFE_TEMPERATURE,TEMPERATURE,2,1.392763,Correct thermal operating condition,2.681000,2.681000,TEMPERATURE,1,0.257615,35.457629,1,6.716925,35.457629
393,DEMO_MOSFET_02,MOSFET,14.496000,0.394607,5.720223,20.000000,14.279777,71.398885,20.430000,25.000000,163.435577,175.000000,11.564423,SAFE,NONE,4,0.933918,No immediate action,6.182800,6.182800,TEMPERATURE,1,0.426518,0.000000,1,15.668247,0.000000
394,DEMO_BJT_01,BJT,24.694000,0.133530,3.297390,10.000000,6.702610,67.026102,43.530000,50.000000,208.399491,150.000000,-58.399491,NOT_SAFE_TEMPERATURE,TEMPERATURE,2,1.389330,Correct thermal operating condition,2.129400,2.129400,TEMPERATURE,1,0.086231,35.421648,1,15.946978,35.421648
395,DEMO_MOSFET_01,MOSFET,27.710000,0.134068,3.715024,10.000000,6.284976,62.849757,53.700000,40.000000,202.300971,150.000000,-52.300971,NOT_SAFE_TEMPERATURE,TEMPERATURE,2,1.348673,Correct thermal operating condition,2.407500,2.407500,TEMPERATURE,1,0.086882,35.195578,1,17.957305,35.195578
396,DEMO_MOSFET_02,MOSFET,20.970000,0.331526,6.952100,20.000000,13.047900,65.239499,43.380000,25.000000,217.182505,175.000000,-42.182505,NOT_SAFE_TEMPERATURE,TEMPERATURE,2,1.241043,Correct thermal operating condition,5.264800,5.264800,TEMPERATURE,1,0.251063,24.270367,1,15.880504,24.270367
397,DEMO_BJT_01,BJT,21.868000,0.104736,2.290367,10.000000,7.709633,77.096332,27.000000,50.000000,141.518342,150.000000,8.481658,CRITICAL,LOW_MARGIN,3,0.943456,Monitor / investigate,2.460000,2.460000,TEMPERATURE,1,0.112493,0.000000,1,23.487626,0.000000
398,DEMO_MOSFET_01,MOSFET,16.375000,0.049162,0.805028,10.000000,9.194972,91.949722,43.010000,40.000000,75.211110,150.000000,74.788890,SAFE,NONE,4,0.501407,No immediate action,2.674750,2.674750,TEMPERATURE,1,0.163344,0.000000,1,54.406859,0.000000
399,DEMO_MOSFET_02,MOSFET,48.564000,0.191874,9.318169,20.000000,10.681831,53.409155,23.970000,25.000000,256.924223,175.000000,-81.924223,NOT_SAFE_TEMPERATURE,TEMPERATURE,2,1.468138,Correct thermal operating condition,6.041200,6.041200,TEMPERATURE,1,0.124397,35.167520,1,31.485246,35.167520
400,DEMO_BJT_01,BJT,12.105000,0.267952,3.243559,10.000000,6.756441,67.564410,24.470000,50.000000,186.647948,150.000000,-36.647948,NOT_SAFE_TEMPERATURE,TEMPERATURE,2,1.244320,Correct thermal operating condition,2.510600,2.510600,TEMPERATURE,1,0.207402,22.597368,1,9.369589,22.597368
401,DEMO_MOSFET_01,MOSFET,39.371000,0.033536,1.320346,10.000000,8.679654,86.796541,37.890000,40.000000,90.703834,150.000000,59.296166,SAFE,NONE,4,0.604692,No immediate action,2.802750,2.802750,TEMPERATURE,1,0.071188,0.000000,1,83.574368,0.000000
402,DEMO_MOSFET_02,MOSFET,8.616000,1.071547,9.232449,20.000000,10.767551,53.837755,20.190000,25.000000,251.001224,175.000000,-76.001224,NOT_SAFE_TEMPERATURE,TEMPERATURE,2,1.434293,Correct thermal operating condition,6.192400,6.192400,TEMPERATURE,1,0.718709,32.927872,1,5.778935,32.927872
403,DEMO_BJT_01,BJT,15.403000,0.217332,3.347565,10.000000,6.652435,66.524352,30.930000,50.000000,198.308240,150.000000,-48.308240,NOT_SAFE_TEMPERATURE,TEMPERATURE,2,1.322055,Correct thermal operating condition,2.381400,2.381400,TEMPERATURE,1,0.154606,28.861721,1,10.957429,28.861721
404,DEMO_MOSFET_01,MOSFET,24.271000,0.152515,3.701692,10.000000,6.298308,62.983084,31.430000,40.000000,179.497663,150.000000,-29.497663,NOT_SAFE_TEMPERATURE,TEMPERATURE,2,1.196651,Correct thermal operating condition,2.964250,2.964250,TEMPERATURE,1,0.122131,19.921745,1,19.435793,19.921745
405,DEMO_MOSFET_02,MOSFET,9.079000,0.262123,2.379815,20.000000,17.620185,88.100926,20.010000,25.000000,79.505368,175.000000,95.494632,SAFE,NONE,4,0.454316,No immediate action,6.199600,6.199600,TEMPERATURE,1,0.682851,0.000000,1,23.651492,0.000000
406,DEMO_BJT_01,BJT,5.593000,0.542518,3.034303,10.000000,6.965697,69.656968,33.630000,50.000000,185.345159,150.000000,-35.345159,NOT_SAFE_TEMPERATURE,TEMPERATURE,2,1.235634,Correct thermal operating condition,2.327400,2.327400,TEMPERATURE,1,0.416127,23.297052,1,4.289996,23.297052
407,DEMO_MOSFET_01,MOSFET,24.748000,0.053470,1.323276,10.000000,8.676724,86.767244,48.160000,40.000000,101.091022,150.000000,48.908978,SAFE,NONE,4,0.673940,No immediate action,2.546000,2.546000,TEMPERATURE,1,0.102877,0.000000,1,47.615485,0.000000
408,DEMO_MOSFET_02,MOSFET,32.658000,0.043523,1.421374,20.000000,18.578626,92.893129,45.710000,25.000000,81.244353,175.000000,93.755647,SAFE,NONE,4,0.464253,No immediate action,5.171600,5.171600,TEMPERATURE,1,0.158356,0.000000,1,118.824530,0.000000
409,DEMO_BJT_01,BJT,16.507000,0.082882,1.368133,10.000000,8.631867,86.318668,49.730000,50.000000,118.136659,150.000000,31.863341,SAFE,NONE,4,0.787578,No immediate action,2.005400,2.005400,TEMPERATURE,1,0.121488,0.000000,1,24.195845,0.000000
410,DEMO_MOSFET_01,MOSFET,37.585000,0.024016,0.902641,10.000000,9.097359,90.973586,27.160000,40.000000,63.265654,150.000000,86.734346,SAFE,NONE,4,0.421771,No immediate action,3.071000,3.071000,TEMPERATURE,1,0.081708,0.000000,1,127.873085,0.000000
411,DEMO_MOSFET_02,MOSFET,33.539000,0.134965,4.526591,20.000000,15.473409,77.367044,24.020000,25.000000,137.184778,175.000000,37.815222,SAFE,NONE,4,0.783913,No immediate action,6.039200,6.039200,TEMPERATURE,1,0.180065,0.000000,1,44.746416,0.000000
412,DEMO_BJT_01,BJT,7.496000,0.356318,2.670960,10.000000,7.329040,73.290403,26.360000,50.000000,159.907986,150.000000,-9.907986,NOT_SAFE_TEMPERATURE,TEMPERATURE,2,1.066053,Correct thermal operating condition,2.472800,2.472800,TEMPERATURE,1,0.329883,7.419046,1,6.939868,7.419046
413,DEMO_MOSFET_01,MOSFET,26.126000,0.086949,2.271630,10.000000,7.728370,77.283704,53.250000,40.000000,144.115183,150.000000,5.884817,CRITICAL,LOW_MARGIN,3,0.960768,Monitor / investigate,2.418750,2.418750,TEMPERATURE,1,0.092580,0.000000,1,27.818031,0.000000
414,DEMO_MOSFET_02,MOSFET,40.254000,0.146362,5.891656,20.000000,14.108344,70.541720,39.580000,25.000000,186.871399,175.000000,-11.871399,NOT_SAFE_TEMPERATURE,TEMPERATURE,2,1.067837,Correct thermal operating condition,5.416800,5.416800,TEMPERATURE,1,0.134566,8.059804,1,37.009606,8.059804
415,DEMO_BJT_01,BJT,6.794000,0.437906,2.975133,10.000000,7.024867,70.248666,38.670000,50.000000,187.426668,150.000000,-37.426668,NOT_SAFE_TEMPERATURE,TEMPERATURE,2,1.249511,Correct thermal operating condition,2.226600,2.226600,TEMPERATURE,1,0.327730,25.159657,1,5.084653,25.159657
416,DEMO_MOSFET_01,MOSFET,15.492000,0.128394,1.989080,10.000000,8.010920,80.109202,39.980000,40.000000,119.543194,150.000000,30.456806,SAFE,NONE,4,0.796955,No immediate action,2.750500,2.750500,TEMPERATURE,1,0.177543,0.000000,1,21.422341,0.000000
417,DEMO_MOSFET_02,MOSFET,52.508000,0.099451,5.221973,20.000000,14.778027,73.890134,51.960000,25.000000,182.509328,175.000000,-7.509328,NOT_SAFE_TEMPERATURE,TEMPERATURE,2,1.042910,Correct thermal operating condition,4.921600,4.921600,TEMPERATURE,1,0.093730,5.752100,1,49.487687,5.752100
418,DEMO_BJT_01,BJT,23.589000,0.170215,4.015202,10.000000,5.984798,59.847984,18.250000,50.000000,219.010082,150.000000,-69.010082,NOT_SAFE_TEMPERATURE,TEMPERATURE,2,1.460067,Correct thermal operating condition,2.635000,2.635000,TEMPERATURE,1,0.111705,34.374404,1,15.480422,34.374404
419,DEMO_MOSFET_01,MOSFET,24.169000,0.041473,1.002361,10.000000,8.997639,89.976391,25.590000,40.000000,65.684437,150.000000,84.315563,SAFE,NONE,4,0.437896,No immediate action,3.110250,3.110250,TEMPERATURE,1,0.128688,0.000000,1,74.994575,0.000000
420,DEMO_MOSFET_02,MOSFET,53.895000,0.105966,5.711038,20.000000,14.288962,71.444812,39.720000,25.000000,182.495939,175.000000,-7.495939,NOT_SAFE_TEMPERATURE,TEMPERATURE,2,1.042834,Correct thermal operating condition,5.411200,5.411200,TEMPERATURE,1,0.100403,5.250142,1,51.065436,5.250142
421,DEMO_BJT_01,BJT,10.459000,0.123863,1.295483,10.000000,8.704517,87.045169,36.820000,50.000000,101.594156,150.000000,48.405844,SAFE,NONE,4,0.677294,No immediate action,2.263600,2.263600,TEMPERATURE,1,0.216426,0.000000,1,18.275030,0.000000
422,DEMO_MOSFET_01,MOSFET,18.025000,0.252097,4.544048,10.000000,5.455952,54.559516,24.800000,40.000000,206.561937,150.000000,-56.561937,NOT_SAFE_TEMPERATURE,TEMPERATURE,2,1.377080,Correct thermal operating condition,3.130000,3.130000,TEMPERATURE,1,0.173648,31.118692,1,12.415856,31.118692
423,DEMO_MOSFET_02,MOSFET,13.694000,0.248362,3.401069,20.000000,16.598931,82.994654,33.140000,25.000000,118.166731,175.000000,56.833269,SAFE,NONE,4,0.675238,No immediate action,5.674400,5.674400,TEMPERATURE,1,0.414371,0.000000,1,22.847295,0.000000
424,DEMO_BJT_01,BJT,11.525000,0.096418,1.111217,10.000000,8.888783,88.887826,31.620000,50.000000,87.180873,150.000000,62.819127,SAFE,NONE,4,0.581206,No immediate action,2.367600,2.367600,TEMPERATURE,1,0.205432,0.000000,1,24.555581,0.000000
425,DEMO_MOSFET_01,MOSFET,14.815000,0.322672,4.780386,10.000000,5.219614,52.196143,20.750000,40.000000,211.965427,150.000000,-61.965427,NOT_SAFE_TEMPERATURE,TEMPERATURE,2,1.413103,Correct thermal operating condition,3.231250,3.231250,TEMPERATURE,1,0.218107,32.406082,1,10.014039,32.406082
426,DEMO_MOSFET_02,MOSFET,26.929000,0.071638,1.929140,20.000000,18.070860,90.354301,54.520000,25.000000,102.748493,175.000000,72.251507,SAFE,NONE,4,0.587134,No immediate action,4.819200,4.819200,TEMPERATURE,1,0.178959,0.000000,1,67.271560,0.000000
427,DEMO_BJT_01,BJT,4.973000,0.402068,1.999484,10.000000,8.000516,80.005158,45.430000,50.000000,145.404208,150.000000,4.595792,CRITICAL,LOW_MARGIN,3,0.969361,Monitor / investigate,2.091400,2.091400,TEMPERATURE,1,0.420551,0.000000,1,5.201608,0.000000
428,DEMO_MOSFET_01,MOSFET,19.635000,0.043255,0.849312,10.000000,9.150688,91.506881,24.670000,40.000000,58.642477,150.000000,91.357523,SAFE,NONE,4,0.390950,No immediate action,3.133250,3.133250,TEMPERATURE,1,0.159575,0.000000,1,72.436713,0.000000
429,DEMO_MOSFET_02,MOSFET,56.996000,0.115463,6.580929,20.000000,13.419071,67.095354,20.640000,25.000000,185.163229,175.000000,-10.163229,NOT_SAFE_TEMPERATURE,TEMPERATURE,2,1.058076,Correct thermal operating condition,6.174400,6.174400,TEMPERATURE,1,0.108330,6.177382,1,53.475139,6.177382
430,DEMO_BJT_01,BJT,28.955000,0.086940,2.517348,10.000000,7.482652,74.826523,49.570000,50.000000,175.437385,150.000000,-25.437385,NOT_SAFE_TEMPERATURE,TEMPERATURE,2,1.169583,Correct thermal operating condition,2.008600,2.008600,TEMPERATURE,1,0.069370,20.209671,1,23.103290,20.209671
431,DEMO_MOSFET_01,MOSFET,37.549000,0.095807,3.597457,10.000000,6.402543,64.025430,51.090000,40.000000,194.988282,150.000000,-44.988282,NOT_SAFE_TEMPERATURE,TEMPERATURE,2,1.299922,Correct thermal operating condition,2.472750,2.472750,TEMPERATURE,1,0.065854,31.263946,1,25.809701,31.263946
432,DEMO_MOSFET_02,MOSFET,13.764000,0.118199,1.626891,20.000000,18.373109,91.865545,43.850000,25.000000,84.522276,175.000000,90.477724,SAFE,NONE,4,0.482984,No immediate action,5.246000,5.246000,TEMPERATURE,1,0.381139,0.000000,1,44.382778,0.000000
433,DEMO_BJT_01,BJT,26.614000,0.068128,1.813159,10.000000,8.186841,81.868414,54.840000,50.000000,145.497930,150.000000,4.502070,CRITICAL,LOW_MARGIN,3,0.969986,Monitor / investigate,1.903200,1.903200,TEMPERATURE,1,0.071511,0.000000,1,27.935651,0.000000
434,DEMO_MOSFET_01,MOSFET,17.550000,0.041357,0.725815,10.000000,9.274185,92.741847,34.890000,40.000000,63.922614,150.000000,86.077386,SAFE,NONE,4,0.426151,No immediate action,2.877750,2.877750,TEMPERATURE,1,0.163974,0.000000,1,69.583142,0.000000
435,DEMO_MOSFET_02,MOSFET,37.084000,0.051913,1.925142,20.000000,18.074858,90.374292,33.290000,25.000000,81.418542,175.000000,93.581458,SAFE,NONE,4,0.465249,No immediate action,5.668400,5.668400,TEMPERATURE,1,0.152853,0.000000,1,109.190376,0.000000
436,DEMO_BJT_01,BJT,18.731000,0.051598,0.966482,10.000000,9.033518,90.335179,16.950000,50.000000,65.274107,150.000000,84.725893,SAFE,NONE,4,0.435161,No immediate action,2.661000,2.661000,TEMPERATURE,1,0.142064,0.000000,1,51.571766,0.000000
437,DEMO_MOSFET_01,MOSFET,13.573000,0.180420,2.448841,10.000000,7.551159,75.511593,48.710000,40.000000,146.663626,150.000000,3.336374,CRITICAL,LOW_MARGIN,3,0.977758,Monitor / investigate,2.532250,2.532250,TEMPERATURE,1,0.186565,0.000000,1,14.035307,0.000000
438,DEMO_MOSFET_02,MOSFET,12.366000,0.479041,5.923821,20.000000,14.076179,70.380895,15.330000,25.000000,163.425525,175.000000,11.574475,SAFE,NONE,4,0.933860,No immediate action,6.386800,6.386800,TEMPERATURE,1,0.516481,0.000000,1,13.332470,0.000000
439,DEMO_BJT_01,BJT,13.291000,0.229640,3.052145,10.000000,6.947855,69.478548,25.580000,50.000000,178.187262,150.000000,-28.187262,NOT_SAFE_TEMPERATURE,TEMPERATURE,2,1.187915,Correct thermal operating condition,2.488400,2.488400,TEMPERATURE,1,0.187224,18.470459,1,10.836091,18.470459
440,DEMO_MOSFET_01,MOSFET,23.787000,0.032150,0.764752,10.000000,9.235248,92.352480,16.810000,40.000000,47.400082,150.000000,102.599918,SAFE,NONE,4,0.316001,No immediate action,3.329750,3.329750,TEMPERATURE,1,0.139982,0.000000,1,103.569207,0.000000
441,DEMO_MOSFET_02,MOSFET,26.249000,0.263223,6.909341,20.000000,13.090659,65.453297,29.500000,25.000000,202.233513,175.000000,-27.233513,NOT_SAFE_TEMPERATURE,TEMPERATURE,2,1.155620,Correct thermal operating condition,5.820000,5.820000,TEMPERATURE,1,0.221723,15.766201,1,22.110530,15.766201
442,DEMO_BJT_01,BJT,25.109000,0.048354,1.214121,10.000000,8.785879,87.858794,33.010000,50.000000,93.716029,150.000000,56.283971,SAFE,NONE,4,0.624774,No immediate action,2.339800,2.339800,TEMPERATURE,1,0.093186,0.000000,1,48.388965,0.000000
443,DEMO_MOSFET_01,MOSFET,7.761000,0.479266,3.719583,10.000000,6.280417,62.804166,39.930000,40.000000,188.713337,150.000000,-38.713337,NOT_SAFE_TEMPERATURE,TEMPERATURE,2,1.258089,Correct thermal operating condition,2.751750,2.751750,TEMPERATURE,1,0.354561,26.019941,1,5.741592,26.019941
444,DEMO_MOSFET_02,MOSFET,59.273000,0.043880,2.600899,20.000000,17.399101,86.995504,18.870000,25.000000,83.892481,175.000000,91.107519,SAFE,NONE,4,0.479386,No immediate action,6.245200,6.245200,TEMPERATURE,1,0.105363,0.000000,1,142.324521,0.000000
445,DEMO_BJT_01,BJT,6.039000,0.457674,2.763893,10.000000,7.236107,72.361067,37.310000,50.000000,175.504664,150.000000,-25.504664,NOT_SAFE_TEMPERATURE,TEMPERATURE,2,1.170031,Correct thermal operating condition,2.253800,2.253800,TEMPERATURE,1,0.373207,18.455607,1,4.924466,18.455607
446,DEMO_MOSFET_01,MOSFET,4.489000,0.267287,1.199851,10.000000,8.800149,88.001487,39.100000,40.000000,87.094054,150.000000,62.905946,SAFE,NONE,4,0.580627,No immediate action,2.772500,2.772500,TEMPERATURE,1,0.617621,0.000000,1,10.372745,0.000000
447,DEMO_MOSFET_02,MOSFET,49.218000,0.079049,3.890634,20.000000,16.109366,80.546832,16.560000,25.000000,113.825842,175.000000,61.174158,SAFE,NONE,4,0.650433,No immediate action,6.337600,6.337600,TEMPERATURE,1,0.128766,0.000000,1,80.173057,0.000000
448,DEMO_BJT_01,BJT,27.008000,0.024225,0.654269,10.000000,9.345731,93.457312,35.770000,50.000000,68.483440,150.000000,81.516560,SAFE,NONE,4,0.456556,No immediate action,2.284600,2.284600,TEMPERATURE,1,0.084590,0.000000,1,94.307534,0.000000
449,DEMO_MOSFET_01,MOSFET,14.786000,0.331495,4.901485,10.000000,5.098515,50.985149,20.590000,40.000000,216.649403,150.000000,-66.649403,NOT_SAFE_TEMPERATURE,TEMPERATURE,2,1.444329,Correct thermal operating condition,3.235250,3.235250,TEMPERATURE,1,0.218805,33.994494,1,9.759574,33.994494
450,DEMO_MOSFET_02,MOSFET,51.343000,0.152244,7.816664,20.000000,12.183336,60.916682,30.720000,25.000000,226.136592,175.000000,-51.136592,NOT_SAFE_TEMPERATURE,TEMPERATURE,2,1.292209,Correct thermal operating condition,5.771200,5.771200,TEMPERATURE,1,0.112405,26.167989,1,37.907569,26.167989
451,DEMO_BJT_01,BJT,16.272000,0.067582,1.099694,10.000000,8.900306,89.003057,38.750000,50.000000,93.734715,150.000000,56.265285,SAFE,NONE,4,0.624898,No immediate action,2.225000,2.225000,TEMPERATURE,1,0.136738,0.000000,1,32.922968,0.000000
452,DEMO_MOSFET_01,MOSFET,20.571000,0.186129,3.828860,10.000000,6.171140,61.711403,34.590000,40.000000,187.744386,150.000000,-37.744386,NOT_SAFE_TEMPERATURE,TEMPERATURE,2,1.251629,Correct thermal operating condition,2.885250,2.885250,TEMPERATURE,1,0.140258,24.644666,1,15.501346,24.644666
453,DEMO_MOSFET_02,MOSFET,11.028000,0.226611,2.499066,20.000000,17.500934,87.504669,15.670000,25.000000,78.146653,175.000000,96.853347,SAFE,NONE,4,0.446552,No immediate action,6.373200,6.373200,TEMPERATURE,1,0.577911,0.000000,1,28.123966,0.000000
454,DEMO_BJT_01,BJT,27.165000,0.032972,0.895684,10.000000,9.104316,91.043156,31.660000,50.000000,76.444219,150.000000,73.555781,SAFE,NONE,4,0.509628,No immediate action,2.366800,2.366800,TEMPERATURE,1,0.087127,0.000000,1,71.782118,0.000000
455,DEMO_MOSFET_01,MOSFET,25.086000,0.135785,3.406303,10.000000,6.593697,65.936975,49.880000,40.000000,186.132100,150.000000,-36.132100,NOT_SAFE_TEMPERATURE,TEMPERATURE,2,1.240881,Correct thermal operating condition,2.503000,2.503000,TEMPERATURE,1,0.099777,26.518564,1,18.433553,26.518564
456,DEMO_MOSFET_02,MOSFET,58.463000,0.059303,3.467031,20.000000,16.532969,82.664844,25.620000,25.000000,112.295782,175.000000,62.704218,SAFE,NONE,4,0.641690,No immediate action,5.975200,5.975200,TEMPERATURE,1,0.102205,0.000000,1,100.757129,0.000000
457,DEMO_BJT_01,BJT,3.438000,0.752290,2.586373,10.000000,7.413627,74.136270,38.140000,50.000000,167.458651,150.000000,-17.458651,NOT_SAFE_TEMPERATURE,TEMPERATURE,2,1.116391,Correct thermal operating condition,2.237200,2.237200,TEMPERATURE,1,0.650727,13.500490,1,2.973853,13.500490
458,DEMO_MOSFET_01,MOSFET,29.684000,0.127484,3.784235,10.000000,6.215765,62.157649,34.220000,40.000000,185.589402,150.000000,-35.589402,NOT_SAFE_TEMPERATURE,TEMPERATURE,2,1.237263,Correct thermal operating condition,2.894500,2.894500,TEMPERATURE,1,0.097510,23.511622,1,22.704810,23.511622
459,DEMO_MOSFET_02,MOSFET,50.191000,0.043236,2.170058,20.000000,17.829942,89.149710,45.980000,25.000000,100.231452,175.000000,74.768548,SAFE,NONE,4,0.572751,No immediate action,5.160800,5.160800,TEMPERATURE,1,0.102823,0.000000,1,119.363493,0.000000
460,DEMO_BJT_01,BJT,21.615000,0.154449,3.338415,10.000000,6.661585,66.615849,24.690000,50.000000,191.610757,150.000000,-41.610757,NOT_SAFE_TEMPERATURE,TEMPERATURE,2,1.277405,Correct thermal operating condition,2.506200,2.506200,TEMPERATURE,1,0.115947,24.928450,1,16.226716,24.928450
461,DEMO_MOSFET_01,MOSFET,18.495000,0.217780,4.027841,10.000000,5.972159,59.721589,22.630000,40.000000,183.743644,150.000000,-33.743644,NOT_SAFE_TEMPERATURE,TEMPERATURE,2,1.224958,Correct thermal operating condition,3.184250,3.184250,TEMPERATURE,1,0.172168,20.944001,1,14.621407,20.944001
462,DEMO_MOSFET_02,MOSFET,32.600000,0.056029,1.826545,20.000000,18.173455,90.867273,31.520000,25.000000,77.183635,175.000000,97.816365,SAFE,NONE,4,0.441049,No immediate action,5.739200,5.739200,TEMPERATURE,1,0.176049,0.000000,1,102.432669,0.000000
463,DEMO_BJT_01,BJT,25.755000,0.109922,2.831041,10.000000,7.168959,71.689589,39.460000,50.000000,181.012056,150.000000,-31.012056,NOT_SAFE_TEMPERATURE,TEMPERATURE,2,1.206747,Correct thermal operating condition,2.210800,2.210800,TEMPERATURE,1,0.085840,21.908587,1,20.112443,21.908587
464,DEMO_MOSFET_01,MOSFET,22.191000,0.167025,3.706452,10.000000,6.293548,62.935482,44.100000,40.000000,192.358071,150.000000,-42.358071,NOT_SAFE_TEMPERATURE,TEMPERATURE,2,1.282387,Correct thermal operating condition,2.647500,2.647500,TEMPERATURE,1,0.119305,28.570499,1,15.850921,28.570499
465,DEMO_MOSFET_02,MOSFET,31.310000,0.136888,4.285963,20.000000,15.714037,78.570184,37.440000,25.000000,144.589082,175.000000,30.410918,SAFE,NONE,4,0.826223,No immediate action,5.502400,5.502400,TEMPERATURE,1,0.175739,0.000000,1,40.196365,0.000000
466,DEMO_BJT_01,BJT,14.871000,0.246443,3.664854,10.000000,6.335146,63.351461,30.070000,50.000000,213.312693,150.000000,-63.312693,NOT_SAFE_TEMPERATURE,TEMPERATURE,2,1.422085,Correct thermal operating condition,2.398600,2.398600,TEMPERATURE,1,0.161294,34.551278,1,9.732879,34.551278
467,DEMO_MOSFET_01,MOSFET,28.007000,0.097232,2.723177,10.000000,7.276823,72.768234,36.330000,40.000000,145.257065,150.000000,4.742935,CRITICAL,LOW_MARGIN,3,0.968380,Monitor / investigate,2.841750,2.841750,TEMPERATURE,1,0.101466,0.000000,1,29.226489,0.000000
468,DEMO_MOSFET_02,MOSFET,49.201000,0.060591,2.981138,20.000000,17.018862,85.094311,49.710000,25.000000,124.238445,175.000000,50.761555,SAFE,NONE,4,0.709934,No immediate action,5.011600,5.011600,TEMPERATURE,1,0.101860,0.000000,1,82.711954,0.000000
469,DEMO_BJT_01,BJT,28.805000,0.041539,1.196531,10.000000,8.803469,88.034691,25.570000,50.000000,85.396545,150.000000,64.603455,SAFE,NONE,4,0.569310,No immediate action,2.488600,2.488600,TEMPERATURE,1,0.086395,0.000000,1,59.909964,0.000000
470,DEMO_MOSFET_01,MOSFET,37.835000,0.097559,3.691145,10.000000,6.308855,63.088552,26.160000,40.000000,173.805791,150.000000,-23.805791,NOT_SAFE_TEMPERATURE,TEMPERATURE,2,1.158705,Correct thermal operating condition,3.096000,3.096000,TEMPERATURE,1,0.081829,16.123582,1,31.734643,16.123582
471,DEMO_MOSFET_02,MOSFET,43.770000,0.158113,6.920606,20.000000,13.079394,65.396970,54.290000,25.000000,227.305150,175.000000,-52.305150,NOT_SAFE_TEMPERATURE,TEMPERATURE,2,1.298887,Correct thermal operating condition,4.828400,4.828400,TEMPERATURE,1,0.110313,30.231543,1,30.537653,30.231543
472,DEMO_BJT_01,BJT,15.434000,0.179427,2.769276,10.000000,7.230724,72.307237,42.610000,50.000000,181.073816,150.000000,-31.073816,NOT_SAFE_TEMPERATURE,TEMPERATURE,2,1.207159,Correct thermal operating condition,2.147800,2.147800,TEMPERATURE,1,0.139160,22.441831,1,11.970328,22.441831
473,DEMO_MOSFET_01,MOSFET,29.702000,0.143711,4.268504,10.000000,5.731496,57.314959,37.420000,40.000000,208.160165,150.000000,-58.160165,NOT_SAFE_TEMPERATURE,TEMPERATURE,2,1.387734,Correct thermal operating condition,2.814500,2.814500,TEMPERATURE,1,0.094758,34.063552,1,19.584444,34.063552
474,DEMO_MOSFET_02,MOSFET,34.875000,0.090708,3.163441,20.000000,16.836558,84.182792,26.510000,25.000000,105.596037,175.000000,69.403963,SAFE,NONE,4,0.603406,No immediate action,5.939600,5.939600,TEMPERATURE,1,0.170311,0.000000,1,65.480443,0.000000
475,DEMO_BJT_01,BJT,11.664000,0.161140,1.879537,10.000000,8.120463,81.204630,50.830000,50.000000,144.806848,150.000000,5.193152,CRITICAL,LOW_MARGIN,3,0.965379,Monitor / investigate,1.983400,1.983400,TEMPERATURE,1,0.170045,0.000000,1,12.308552,0.000000
476,DEMO_MOSFET_01,MOSFET,4.556000,0.162722,0.741361,10.000000,9.258639,92.586386,45.920000,40.000000,75.574457,150.000000,74.425543,SAFE,NONE,4,0.503830,No immediate action,2.602000,2.602000,TEMPERATURE,1,0.571115,0.000000,1,15.990462,0.000000
477,DEMO_MOSFET_02,MOSFET,55.821000,0.094279,5.262748,20.000000,14.737252,73.686260,53.210000,25.000000,184.778701,175.000000,-9.778701,NOT_SAFE_TEMPERATURE,TEMPERATURE,2,1.055878,Correct thermal operating condition,4.871600,4.871600,TEMPERATURE,1,0.087272,7.432392,1,51.672165,7.432392
478,DEMO_BJT_01,BJT,7.992000,0.264652,2.115099,10.000000,7.884901,78.849012,41.240000,50.000000,146.994939,150.000000,3.005061,CRITICAL,LOW_MARGIN,3,0.979966,Monitor / investigate,2.175200,2.175200,TEMPERATURE,1,0.272172,0.000000,1,8.219095,0.000000
479,DEMO_MOSFET_01,MOSFET,23.795000,0.038242,0.909968,10.000000,9.090032,90.900316,48.120000,40.000000,84.518736,150.000000,65.481264,SAFE,NONE,4,0.563458,No immediate action,2.547000,2.547000,TEMPERATURE,1,0.107039,0.000000,1,66.602165,0.000000
480,DEMO_MOSFET_02,MOSFET,45.749000,0.034340,1.571021,20.000000,18.428979,92.144897,25.860000,25.000000,65.135517,175.000000,109.864483,SAFE,NONE,4,0.372203,No immediate action,5.965600,5.965600,TEMPERATURE,1,0.130398,0.000000,1,173.721607,0.000000
481,DEMO_BJT_01,BJT,27.345000,0.021049,0.575585,10.000000,9.424415,94.244151,24.570000,50.000000,53.349245,150.000000,96.650755,SAFE,NONE,4,0.355662,No immediate action,2.508600,2.508600,TEMPERATURE,1,0.091739,0.000000,1,119.179058,0.000000
482,DEMO_MOSFET_01,MOSFET,6.707000,0.157316,1.055118,10.000000,8.944882,89.448816,24.030000,40.000000,66.234736,150.000000,83.765264,SAFE,NONE,4,0.441565,No immediate action,3.149250,3.149250,TEMPERATURE,1,0.469547,0.000000,1,20.018625,0.000000
483,DEMO_MOSFET_02,MOSFET,42.466000,0.065537,2.783094,20.000000,17.216906,86.084529,28.210000,25.000000,97.787356,175.000000,77.212644,SAFE,NONE,4,0.558785,No immediate action,5.871600,5.871600,TEMPERATURE,1,0.138266,0.000000,1,89.592139,0.000000
484,DEMO_BJT_01,BJT,29.381000,0.066944,1.966882,10.000000,8.033118,80.331183,20.500000,50.000000,118.844083,150.000000,31.155917,SAFE,NONE,4,0.792294,No immediate action,2.590000,2.590000,TEMPERATURE,1,0.088152,0.000000,1,38.689054,0.000000
485,DEMO_MOSFET_01,MOSFET,35.584000,0.124127,4.416935,10.000000,5.583065,55.830648,21.320000,40.000000,197.997407,150.000000,-47.997407,NOT_SAFE_TEMPERATURE,TEMPERATURE,2,1.319983,Correct thermal operating condition,3.217000,3.217000,TEMPERATURE,1,0.090406,27.166692,1,25.917004,27.166692
486,DEMO_MOSFET_02,MOSFET,46.575000,0.069896,3.255406,20.000000,16.744594,83.722969,34.030000,25.000000,115.415155,175.000000,59.584845,SAFE,NONE,4,0.659515,No immediate action,5.638800,5.638800,TEMPERATURE,1,0.121069,0.000000,1,80.674144,0.000000
487,DEMO_BJT_01,BJT,3.657000,0.635008,2.322224,10.000000,7.677776,76.777757,26.490000,50.000000,142.601213,150.000000,7.398787,CRITICAL,LOW_MARGIN,3,0.950675,Monitor / investigate,2.470200,2.470200,TEMPERATURE,1,0.675472,0.000000,1,3.890030,0.000000
488,DEMO_MOSFET_01,MOSFET,11.592000,0.308619,3.577511,10.000000,6.422489,64.224886,45.750000,40.000000,188.850458,150.000000,-38.850458,NOT_SAFE_TEMPERATURE,TEMPERATURE,2,1.259003,Correct thermal operating condition,2.606250,2.606250,TEMPERATURE,1,0.224832,27.149080,1,8.444879,27.149080
489,DEMO_MOSFET_02,MOSFET,7.051000,1.090529,7.689320,20.000000,12.310680,61.553400,44.550000,25.000000,236.782999,175.000000,-61.782999,NOT_SAFE_TEMPERATURE,TEMPERATURE,2,1.353046,Correct thermal operating condition,5.218000,5.218000,TEMPERATURE,1,0.740037,32.139643,1,4.784834,32.139643
490,DEMO_BJT_01,BJT,25.453000,0.096635,2.459651,10.000000,7.540349,75.403493,51.860000,50.000000,174.842533,150.000000,-24.842533,NOT_SAFE_TEMPERATURE,TEMPERATURE,2,1.165617,Correct thermal operating condition,1.962800,1.962800,TEMPERATURE,1,0.077115,20.200050,1,20.311481,20.200050
491,DEMO_MOSFET_01,MOSFET,33.940000,0.015901,0.539680,10.000000,9.460320,94.603201,52.360000,40.000000,73.947198,150.000000,76.052802,SAFE,NONE,4,0.492981,No immediate action,2.441000,2.441000,TEMPERATURE,1,0.071921,0.000000,1,153.512358,0.000000
492,DEMO_MOSFET_02,MOSFET,46.195000,0.126272,5.833135,20.000000,14.166865,70.834325,46.520000,25.000000,192.348376,175.000000,-17.348376,NOT_SAFE_TEMPERATURE,TEMPERATURE,2,1.099134,Correct thermal operating condition,5.139200,5.139200,TEMPERATURE,1,0.111250,11.896434,1,40.699442,11.896434
493,DEMO_BJT_01,BJT,3.049000,0.241576,0.736565,10.000000,9.263435,92.634348,49.890000,50.000000,86.718261,150.000000,63.281739,SAFE,NONE,4,0.578122,No immediate action,2.002200,2.002200,TEMPERATURE,1,0.656674,0.000000,1,8.288075,0.000000
494,DEMO_MOSFET_01,MOSFET,37.353000,0.045270,1.690970,10.000000,8.309030,83.090297,26.940000,40.000000,94.578812,150.000000,55.421188,SAFE,NONE,4,0.630525,No immediate action,3.076500,3.076500,TEMPERATURE,1,0.082363,0.000000,1,67.958913,0.000000
495,DEMO_MOSFET_02,MOSFET,40.272000,0.067492,2.718038,20.000000,17.281962,86.409811,28.400000,25.000000,96.350946,175.000000,78.649054,SAFE,NONE,4,0.550577,No immediate action,5.864000,5.864000,TEMPERATURE,1,0.145610,0.000000,1,86.884371,0.000000
496,DEMO_BJT_01,BJT,5.758000,0.283512,1.632462,10.000000,8.367538,83.675379,35.970000,50.000000,117.593105,150.000000,32.406895,SAFE,NONE,4,0.783954,No immediate action,2.280600,2.280600,TEMPERATURE,1,0.396075,0.000000,1,8.044104,0.000000
497,DEMO_MOSFET_01,MOSFET,32.926000,0.102808,3.385056,10.000000,6.614944,66.149438,35.170000,40.000000,170.572248,150.000000,-20.572248,NOT_SAFE_TEMPERATURE,TEMPERATURE,2,1.137148,Correct thermal operating condition,2.870750,2.870750,TEMPERATURE,1,0.087188,15.193432,1,27.923411,15.193432
498,DEMO_MOSFET_02,MOSFET,40.656000,0.090116,3.663756,20.000000,16.336244,81.681220,28.230000,25.000000,119.823902,175.000000,55.176098,SAFE,NONE,4,0.684708,No immediate action,5.870800,5.870800,TEMPERATURE,1,0.144402,0.000000,1,65.147144,0.000000
499,DEMO_BJT_01,BJT,11.439000,0.038673,0.442380,10.000000,9.557620,95.576196,43.740000,50.000000,65.859022,150.000000,84.140978,SAFE,NONE,4,0.439060,No immediate action,2.125200,2.125200,TEMPERATURE,1,0.185785,0.000000,1,54.953068,0.000000
500,DEMO_MOSFET_01,MOSFET,10.147000,0.420078,4.262531,10.000000,5.737469,57.374685,26.800000,40.000000,197.301259,150.000000,-47.301259,NOT_SAFE_TEMPERATURE,TEMPERATURE,2,1.315342,Correct thermal operating condition,3.080000,3.080000,TEMPERATURE,1,0.303538,27.742469,1,7.331972,27.742469
